Email,Timestamp,Index,Thread
CoraDelgado.p1003@yopmail.com,2025-11-05 16:47:44,2,pool-2-thread-3
ElaraFitzgerald.p1005@yopmail.com,2025-11-05 16:47:46,4,pool-2-thread-5
DanteEspinoza.p1004@yopmail.com,2025-11-05 16:47:47,3,pool-2-thread-4
BennettCaldwell.p1002@yopmail.com,2025-11-05 16:47:48,1,pool-2-thread-2
AriaBlackwell.p1001@yopmail.com,2025-11-05 16:47:49,0,pool-2-thread-1
HarrisonIngram.p1008@yopmail.com,2025-11-05 16:49:10,7,pool-13-thread-3
JasperKennedy.p1010@yopmail.com,2025-11-05 16:49:13,9,pool-13-thread-5
FelixGallagher.p1006@yopmail.com,2025-11-05 16:49:14,5,pool-13-thread-1
GemmaHenderson.p1007@yopmail.com,2025-11-05 16:49:15,6,pool-13-thread-2
OpheliaPreston.p1015@yopmail.com,2025-11-05 16:50:31,14,pool-24-thread-5
KiraLancaster.p1011@yopmail.com,2025-11-05 16:50:35,10,pool-24-thread-1
MayaNewman.p1013@yopmail.com,2025-11-05 16:50:35,12,pool-24-thread-3
LucasMadison.p1012@yopmail.com,2025-11-05 16:50:38,11,pool-24-thread-2
NolanOsborne.p1014@yopmail.com,2025-11-05 16:50:38,13,pool-24-thread-4
RiverStewart.p1018@yopmail.com,2025-11-05 16:51:47,17,pool-35-thread-3
PhoenixQuinn.p1016@yopmail.com,2025-11-05 16:51:59,15,pool-35-thread-1
TheoUnderwood.p1020@yopmail.com,2025-11-05 16:52:00,19,pool-35-thread-5
QuinnRamirez.p1017@yopmail.com,2025-11-05 16:52:02,16,pool-35-thread-2
SageThornton.p1019@yopmail.com,2025-11-05 16:52:02,18,pool-35-thread-4
VeraValentine.p1021@yopmail.com,2025-11-05 16:53:10,20,pool-46-thread-1
XaraYoung.p1023@yopmail.com,2025-11-05 16:53:14,22,pool-46-thread-3
AuroraBennett.p1025@yopmail.com,2025-11-05 16:53:18,24,pool-46-thread-5
ZaneAnderson.p1024@yopmail.com,2025-11-05 16:53:18,23,pool-46-thread-4
WyattWeston.p1022@yopmail.com,2025-11-05 16:53:19,21,pool-46-thread-2
FinleyGarcia.p1030@yopmail.com,2025-11-05 16:54:28,29,pool-57-thread-5
DexterEvans.p1028@yopmail.com,2025-11-05 16:54:29,27,pool-57-thread-3
EdenFoster.p1029@yopmail.com,2025-11-05 16:54:34,28,pool-57-thread-4
BlakeCarter.p1026@yopmail.com,2025-11-05 16:54:34,25,pool-57-thread-1
CleoDavis.p1027@yopmail.com,2025-11-05 16:54:36,26,pool-57-thread-2
GreerHall.p1031@yopmail.com,2025-11-05 16:55:48,30,pool-68-thread-1
JadeKelly.p1034@yopmail.com,2025-11-05 16:55:52,33,pool-68-thread-4
KaiLee.p1035@yopmail.com,2025-11-05 16:55:54,34,pool-68-thread-5
IrisJohnson.p1033@yopmail.com,2025-11-05 16:55:55,32,pool-68-thread-3
HaydenIvory.p1032@yopmail.com,2025-11-05 16:55:55,31,pool-68-thread-2
OrionPeterson.p1039@yopmail.com,2025-11-05 16:57:04,38,pool-79-thread-4
MiloNelson.p1037@yopmail.com,2025-11-05 16:57:08,36,pool-79-thread-2
LunaMartinez.p1036@yopmail.com,2025-11-05 16:57:09,35,pool-79-thread-1
PiperQuinn.p1040@yopmail.com,2025-11-05 16:57:09,39,pool-79-thread-5
NovaOrtega.p1038@yopmail.com,2025-11-05 16:57:09,37,pool-79-thread-3
SageSanchez.p1042@yopmail.com,2025-11-05 16:58:19,41,pool-90-thread-2
VioletUnderwood.p1044@yopmail.com,2025-11-05 16:58:22,43,pool-90-thread-4
ReeseRivera.p1041@yopmail.com,2025-11-05 16:58:24,40,pool-90-thread-1
WillowVargas.p1045@yopmail.com,2025-11-05 16:58:25,44,pool-90-thread-5
TatumThompson.p1043@yopmail.com,2025-11-05 16:58:25,42,pool-90-thread-3
BriarBaker.p1050@yopmail.com,2025-11-05 16:59:43,49,pool-101-thread-5
AveryAdams.p1049@yopmail.com,2025-11-05 16:59:47,48,pool-101-thread-4
YaraYang.p1047@yopmail.com,2025-11-05 16:59:51,46,pool-101-thread-2
XavierWood.p1046@yopmail.com,2025-11-05 16:59:53,45,pool-101-thread-1
ZaraZhang.p1048@yopmail.com,2025-11-05 16:59:53,47,pool-101-thread-3
DahliaDean.p1052@yopmail.com,2025-11-05 17:01:01,51,pool-112-thread-2
CyrusCole.p1051@yopmail.com,2025-11-05 17:01:02,50,pool-112-thread-1
FletcherGray.p1054@yopmail.com,2025-11-05 17:01:03,53,pool-112-thread-4
EllisFox.p1053@yopmail.com,2025-11-05 17:01:03,52,pool-112-thread-3
GarnetHayes.p1055@yopmail.com,2025-11-05 17:01:05,54,pool-112-thread-5
IndigoJames.p1057@yopmail.com,2025-11-05 17:02:15,56,pool-123-thread-2
KestrelLane.p1059@yopmail.com,2025-11-05 17:02:15,58,pool-123-thread-4
JasperKing.p1058@yopmail.com,2025-11-05 17:02:19,57,pool-123-thread-3
HarlowIngram.p1056@yopmail.com,2025-11-05 17:02:20,55,pool-123-thread-1
LarkMiller.p1060@yopmail.com,2025-11-05 17:02:20,59,pool-123-thread-5
ParkerPage.p1063@yopmail.com,2025-11-05 17:03:31,62,pool-134-thread-3
QuinnQuinn.p1064@yopmail.com,2025-11-05 17:03:31,63,pool-134-thread-4
MorganNeal.p1061@yopmail.com,2025-11-05 17:03:31,60,pool-134-thread-1
RavenReed.p1065@yopmail.com,2025-11-05 17:03:31,64,pool-134-thread-5
OceanOliver.p1062@yopmail.com,2025-11-05 17:03:32,61,pool-134-thread-2
SageStone.p1066@yopmail.com,2025-11-05 17:04:51,65,pool-145-thread-1
VesperVaughn.p1068@yopmail.com,2025-11-05 17:04:52,67,pool-145-thread-3
TatumTaylor.p1067@yopmail.com,2025-11-05 17:04:52,66,pool-145-thread-2
WrenWalker.p1069@yopmail.com,2025-11-05 17:04:55,68,pool-145-thread-4
XantheWest.p1070@yopmail.com,2025-11-05 17:04:56,69,pool-145-thread-5
ZephyrZane.p1072@yopmail.com,2025-11-05 17:06:02,71,pool-156-thread-2
BriarBrooks.p1074@yopmail.com,2025-11-05 17:06:10,73,pool-156-thread-4
AinsleyAshley.p1073@yopmail.com,2025-11-05 17:06:13,72,pool-156-thread-3
YarrowYork.p1071@yopmail.com,2025-11-05 17:06:14,70,pool-156-thread-1
CedarClark.p1075@yopmail.com,2025-11-05 17:06:14,74,pool-156-thread-5
HavenHill.p1080@yopmail.com,2025-11-05 17:07:29,79,pool-167-thread-5
EchoEllis.p1077@yopmail.com,2025-11-05 17:07:30,76,pool-167-thread-2
FawnFox.p1078@yopmail.com,2025-11-05 17:07:32,77,pool-167-thread-3
GaleGray.p1079@yopmail.com,2025-11-05 17:07:33,78,pool-167-thread-4
DorianDay.p1076@yopmail.com,2025-11-05 17:07:36,75,pool-167-thread-1
LaneLake.p1084@yopmail.com,2025-11-05 17:08:45,83,pool-178-thread-4
JadeJones.p1082@yopmail.com,2025-11-05 17:08:51,81,pool-178-thread-2
MapleMoore.p1085@yopmail.com,2025-11-05 17:08:53,84,pool-178-thread-5
KaiKane.p1083@yopmail.com,2025-11-05 17:08:54,82,pool-178-thread-3
IndigoIrwin.p1081@yopmail.com,2025-11-05 17:08:56,80,pool-178-thread-1
QuinnQuinn.p1089@yopmail.com,2025-11-05 17:10:06,88,pool-189-thread-4
OceanOwen.p1087@yopmail.com,2025-11-05 17:10:11,86,pool-189-thread-2
PaxPage.p1088@yopmail.com,2025-11-05 17:10:12,87,pool-189-thread-3
NashNash.p1086@yopmail.com,2025-11-05 17:10:12,85,pool-189-thread-1
RainRay.p1090@yopmail.com,2025-11-05 17:10:13,89,pool-189-thread-5
SkyScott.p1091@yopmail.com,2025-11-05 17:11:23,90,pool-200-thread-1
WrenWest.p1095@yopmail.com,2025-11-05 17:11:27,94,pool-200-thread-5
UrielUrban.p1093@yopmail.com,2025-11-05 17:11:28,92,pool-200-thread-3
TalonTurner.p1092@yopmail.com,2025-11-05 17:11:34,91,pool-200-thread-2
ValeVance.p1094@yopmail.com,2025-11-05 17:11:34,93,pool-200-thread-4
XaraXu.p1096@yopmail.com,2025-11-05 17:12:44,95,pool-211-thread-1
BlakeBell.p1100@yopmail.com,2025-11-05 17:12:47,99,pool-211-thread-5
YaraYang.p1097@yopmail.com,2025-11-05 17:12:51,96,pool-211-thread-2
AidenAllen.p1099@yopmail.com,2025-11-05 17:12:52,98,pool-211-thread-4
ZaraZane.p1098@yopmail.com,2025-11-05 17:12:52,97,pool-211-thread-3
GageGrant.p1105@yopmail.com,2025-11-05 17:13:53,104,pool-222-thread-5
EdenEast.p1103@yopmail.com,2025-11-05 17:13:53,102,pool-222-thread-3
DaneDrake.p1102@yopmail.com,2025-11-05 17:13:54,101,pool-222-thread-2
CoraCross.p1101@yopmail.com,2025-11-05 17:13:56,100,pool-222-thread-1
FinleyFinn.p1104@yopmail.com,2025-11-05 17:13:56,103,pool-222-thread-4
KaiKing.p1109@yopmail.com,2025-11-05 17:14:51,108,pool-233-thread-4
LaneLake.p1110@yopmail.com,2025-11-05 17:14:51,109,pool-233-thread-5
JadeJoy.p1108@yopmail.com,2025-11-05 17:14:53,107,pool-233-thread-3
IrisIvy.p1107@yopmail.com,2025-11-05 17:14:53,106,pool-233-thread-2
HavenHope.p1106@yopmail.com,2025-11-05 17:14:53,105,pool-233-thread-1
PaxPaige.p1114@yopmail.com,2025-11-05 17:15:43,113,pool-244-thread-4
MayaMay.p1111@yopmail.com,2025-11-05 17:15:45,110,pool-244-thread-1
OceanOak.p1113@yopmail.com,2025-11-05 17:15:45,112,pool-244-thread-3
NovaNoah.p1112@yopmail.com,2025-11-05 17:15:46,111,pool-244-thread-2
QuinnQuill.p1115@yopmail.com,2025-11-05 17:15:47,114,pool-244-thread-5
WrenWest.p1120@yopmail.com,2025-11-05 17:16:37,119,pool-255-thread-5
SageStar.p1117@yopmail.com,2025-11-05 17:16:40,116,pool-255-thread-2
TalonTaylor.p1118@yopmail.com,2025-11-05 17:16:41,117,pool-255-thread-3
ValeVale.p1119@yopmail.com,2025-11-05 17:16:41,118,pool-255-thread-4
RiverRose.p1116@yopmail.com,2025-11-05 17:16:41,115,pool-255-thread-1
ZaraZion.p1123@yopmail.com,2025-11-05 17:17:31,122,pool-266-thread-3
XaraXen.p1121@yopmail.com,2025-11-05 17:17:33,120,pool-266-thread-1
YaraYork.p1122@yopmail.com,2025-11-05 17:17:36,121,pool-266-thread-2
AveryArcher.p1124@yopmail.com,2025-11-05 17:17:36,123,pool-266-thread-4
BlakeBlake.p1125@yopmail.com,2025-11-05 17:17:36,124,pool-266-thread-5
GageGrove.p1130@yopmail.com,2025-11-05 17:18:26,129,pool-277-thread-5
DaneDune.p1127@yopmail.com,2025-11-05 17:18:28,126,pool-277-thread-2
CoraCove.p1126@yopmail.com,2025-11-05 17:18:30,125,pool-277-thread-1
EdenEcho.p1128@yopmail.com,2025-11-05 17:18:30,127,pool-277-thread-3
FinleyFlint.p1129@yopmail.com,2025-11-05 17:18:30,128,pool-277-thread-4
HavenHarbor.p1131@yopmail.com,2025-11-05 17:19:22,130,pool-288-thread-1
IrisIsland.p1132@yopmail.com,2025-11-05 17:19:25,131,pool-288-thread-2
JadeJet.p1133@yopmail.com,2025-11-05 17:19:25,132,pool-288-thread-3
KaiKestrel.p1134@yopmail.com,2025-11-05 17:19:25,133,pool-288-thread-4
LaneLagoon.p1135@yopmail.com,2025-11-05 17:19:25,134,pool-288-thread-5
PaxPrairie.p1139@yopmail.com,2025-11-05 17:20:19,138,pool-299-thread-4
QuinnQuartz.p1140@yopmail.com,2025-11-05 17:20:21,139,pool-299-thread-5
OceanOcean.p1138@yopmail.com,2025-11-05 17:20:22,137,pool-299-thread-3
MayaMeadow.p1136@yopmail.com,2025-11-05 17:20:23,135,pool-299-thread-1
NovaNile.p1137@yopmail.com,2025-11-05 17:20:23,136,pool-299-thread-2
TalonThorn.p1143@yopmail.com,2025-11-05 17:21:16,142,pool-310-thread-3
ValeValley.p1144@yopmail.com,2025-11-05 17:21:16,143,pool-310-thread-4
WrenWild.p1145@yopmail.com,2025-11-05 17:21:17,144,pool-310-thread-5
SageSummit.p1142@yopmail.com,2025-11-05 17:21:18,141,pool-310-thread-2
RiverRidge.p1141@yopmail.com,2025-11-05 17:21:19,140,pool-310-thread-1
ZaraZephyr.p1148@yopmail.com,2025-11-05 17:22:14,147,pool-321-thread-3
BlakeBlaze.p1150@yopmail.com,2025-11-05 17:22:14,149,pool-321-thread-5
AidenArrow.p1149@yopmail.com,2025-11-05 17:22:14,148,pool-321-thread-4
XaraXylon.p1146@yopmail.com,2025-11-05 17:22:14,145,pool-321-thread-1
YaraYarrow.p1147@yopmail.com,2025-11-05 17:22:14,146,pool-321-thread-2
FinleyFlame.p1154@yopmail.com,2025-11-05 17:23:05,153,pool-332-thread-4
CoraCoral.p1151@yopmail.com,2025-11-05 17:23:06,150,pool-332-thread-1
EdenElm.p1153@yopmail.com,2025-11-05 17:23:08,152,pool-332-thread-3
DaneDawn.p1152@yopmail.com,2025-11-05 17:23:10,151,pool-332-thread-2
GageGlade.p1155@yopmail.com,2025-11-05 17:23:10,154,pool-332-thread-5
KaiKestrel.p1159@yopmail.com,2025-11-05 17:24:01,158,pool-343-thread-4
IrisIris.p1157@yopmail.com,2025-11-05 17:24:02,156,pool-343-thread-2
HavenHeath.p1156@yopmail.com,2025-11-05 17:24:03,155,pool-343-thread-1
JadeJasper.p1158@yopmail.com,2025-11-05 17:24:03,157,pool-343-thread-3
LaneLinden.p1160@yopmail.com,2025-11-05 17:24:04,159,pool-343-thread-5
OceanOak.p1163@yopmail.com,2025-11-05 17:24:54,162,pool-354-thread-3
MayaMoss.p1161@yopmail.com,2025-11-05 17:24:56,160,pool-354-thread-1
NovaNova.p1162@yopmail.com,2025-11-05 17:24:57,161,pool-354-thread-2
PaxPeak.p1164@yopmail.com,2025-11-05 17:24:58,163,pool-354-thread-4
QuinnQuill.p1165@yopmail.com,2025-11-05 17:24:58,164,pool-354-thread-5
WrenWillow.p1170@yopmail.com,2025-11-05 17:25:48,169,pool-365-thread-5
SageStone.p1167@yopmail.com,2025-11-05 17:25:48,166,pool-365-thread-2
ValeVine.p1169@yopmail.com,2025-11-05 17:25:49,168,pool-365-thread-4
TalonThorn.p1168@yopmail.com,2025-11-05 17:25:51,167,pool-365-thread-3
RiverRock.p1166@yopmail.com,2025-11-05 17:25:51,165,pool-365-thread-1
BlakeBlossom.p1175@yopmail.com,2025-11-05 17:26:42,174,pool-376-thread-5
ZaraZinc.p1173@yopmail.com,2025-11-05 17:26:44,172,pool-376-thread-3
AveryAspen.p1174@yopmail.com,2025-11-05 17:26:46,173,pool-376-thread-4
XaraXenon.p1171@yopmail.com,2025-11-05 17:26:47,170,pool-376-thread-1
YaraYew.p1172@yopmail.com,2025-11-05 17:26:47,171,pool-376-thread-2
CoraCrystal.p1176@yopmail.com,2025-11-05 17:27:42,175,pool-387-thread-1
DaneDiamond.p1177@yopmail.com,2025-11-05 17:27:42,176,pool-387-thread-2
GageGlacier.p1180@yopmail.com,2025-11-05 17:27:43,179,pool-387-thread-5
EdenEmber.p1178@yopmail.com,2025-11-05 17:27:43,177,pool-387-thread-3
FinleyFlint.p1179@yopmail.com,2025-11-05 17:27:44,178,pool-387-thread-4
KaiKestrel.p1184@yopmail.com,2025-11-05 17:28:38,183,pool-398-thread-4
IrisIndigo.p1182@yopmail.com,2025-11-05 17:28:40,181,pool-398-thread-2
JadeJet.p1183@yopmail.com,2025-11-05 17:28:41,182,pool-398-thread-3
HavenHawk.p1181@yopmail.com,2025-11-05 17:28:41,180,pool-398-thread-1
LaneLagoon.p1185@yopmail.com,2025-11-05 17:28:42,184,pool-398-thread-5
MayaMeadow.p1186@yopmail.com,2025-11-05 17:29:32,185,pool-409-thread-1
NovaNile.p1187@yopmail.com,2025-11-05 17:29:34,186,pool-409-thread-2
OceanOasis.p1188@yopmail.com,2025-11-05 17:29:34,187,pool-409-thread-3
QuinnQuartz.p1190@yopmail.com,2025-11-05 17:29:35,189,pool-409-thread-5
PaxPeak.p1189@yopmail.com,2025-11-05 17:29:36,188,pool-409-thread-4
TalonThorn.p1193@yopmail.com,2025-11-05 17:30:28,192,pool-420-thread-3
ValeValley.p1194@yopmail.com,2025-11-05 17:30:30,193,pool-420-thread-4
WrenWild.p1195@yopmail.com,2025-11-05 17:30:30,194,pool-420-thread-5
SageSummit.p1192@yopmail.com,2025-11-05 17:30:30,191,pool-420-thread-2
RiverRidge.p1191@yopmail.com,2025-11-05 17:30:30,190,pool-420-thread-1
BlakeBlaze.p1200@yopmail.com,2025-11-05 17:31:21,199,pool-431-thread-5
XaraXylon.p1196@yopmail.com,2025-11-05 17:31:24,195,pool-431-thread-1
ZaraZephyr.p1198@yopmail.com,2025-11-05 17:31:24,197,pool-431-thread-3
AidenArrow.p1199@yopmail.com,2025-11-05 17:31:24,198,pool-431-thread-4
YaraYarrow.p1197@yopmail.com,2025-11-05 17:31:25,196,pool-431-thread-2
AsterAbrams.p2013@yopmail.com,2025-11-05 18:18:13,12,pool-2-thread-13
NovaAbrams.p2014@yopmail.com,2025-11-05 18:18:29,13,pool-2-thread-14
VesperAbrams.p2020@yopmail.com,2025-11-05 18:18:29,19,pool-2-thread-20
TatumAbrams.p2019@yopmail.com,2025-11-05 18:18:29,18,pool-2-thread-19
QuinnAbrams.p2017@yopmail.com,2025-11-05 18:18:34,16,pool-2-thread-17
KaiAbrams.p2011@yopmail.com,2025-11-05 18:18:34,10,pool-2-thread-11
RiverAbrams.p2006@yopmail.com,2025-11-05 18:18:34,5,pool-2-thread-6
SkyAbrams.p2040@yopmail.com,2025-11-05 18:22:42,39,pool-42-thread-20
DaneAbrams.p2028@yopmail.com,2025-11-05 18:22:48,27,pool-42-thread-8
EmberAbrams.p2010@yopmail.com,2025-11-05 18:57:32,9,pool-2-thread-10
EmberAbrams.p2010@yopmail.com,2025-11-05 18:57:48,9,pool-2-thread-10
RowanAbrams.p2008@yopmail.com,2025-11-05 18:57:48,7,pool-2-thread-8
SageAbrams.p2007@yopmail.com,2025-11-05 18:57:48,6,pool-2-thread-7
AtlasAbrams.p2002@yopmail.com,2025-11-05 18:57:48,1,pool-2-thread-2
SageAbrams.p2007@yopmail.com,2025-11-05 18:57:56,6,pool-2-thread-7
ZephyrAbrams.p2001@yopmail.com,2025-11-05 18:57:56,0,pool-2-thread-1
PhoenixAbrams.p2003@yopmail.com,2025-11-05 18:57:59,2,pool-2-thread-3
JunoAbrams.p2005@yopmail.com,2025-11-05 18:58:09,4,pool-2-thread-5
AsterAbrams.p2013@yopmail.com,2025-11-05 18:59:56,12,pool-23-thread-3
TatumAbrams.p2019@yopmail.com,2025-11-05 19:00:01,18,pool-23-thread-9
ReeseAbrams.p2018@yopmail.com,2025-11-05 19:00:01,17,pool-23-thread-8
KaiAbrams.p2011@yopmail.com,2025-11-05 19:00:01,10,pool-23-thread-1
NovaAbrams.p2014@yopmail.com,2025-11-05 19:00:02,13,pool-23-thread-4
EchoAbrams.p2015@yopmail.com,2025-11-05 19:00:02,14,pool-23-thread-5
PaxAbrams.p2016@yopmail.com,2025-11-05 19:00:02,15,pool-23-thread-6
LunaAbrams.p2012@yopmail.com,2025-11-05 19:00:03,11,pool-23-thread-2
VesperAbrams.p2020@yopmail.com,2025-11-05 19:00:04,19,pool-23-thread-10
QuinnAbrams.p2017@yopmail.com,2025-11-05 19:00:05,16,pool-23-thread-7
EchoAbrams.p2015@yopmail.com,2025-11-05 19:00:51,14,pool-19-thread-5
NovaAbrams.p2014@yopmail.com,2025-11-05 19:00:51,13,pool-19-thread-4
QuinnAbrams.p2017@yopmail.com,2025-11-05 19:00:56,16,pool-19-thread-7
VesperAbrams.p2020@yopmail.com,2025-11-05 19:01:36,19,pool-19-thread-10
WrenAbrams.p2021@yopmail.com,2025-11-05 19:01:48,20,pool-44-thread-1
XaraAbrams.p2022@yopmail.com,2025-11-05 19:01:49,21,pool-44-thread-2
BlakeAbrams.p2026@yopmail.com,2025-11-05 19:01:49,25,pool-44-thread-6
EdenAbrams.p2029@yopmail.com,2025-11-05 19:01:51,28,pool-44-thread-9
ZaraAbrams.p2024@yopmail.com,2025-11-05 19:02:10,23,pool-44-thread-4
DaneAbrams.p2028@yopmail.com,2025-11-05 19:02:11,27,pool-44-thread-8
FinleyAbrams.p2030@yopmail.com,2025-11-05 19:02:20,29,pool-44-thread-10
YaraAbrams.p2023@yopmail.com,2025-11-05 19:02:21,22,pool-44-thread-3
AidenAbrams.p2025@yopmail.com,2025-11-05 19:02:31,24,pool-44-thread-5
XaraAbrams.p2022@yopmail.com,2025-11-05 19:03:17,21,pool-40-thread-2
YaraAbrams.p2023@yopmail.com,2025-11-05 19:03:23,22,pool-40-thread-3
AidenAbrams.p2025@yopmail.com,2025-11-05 19:04:04,24,pool-40-thread-5
WrenAbrams.p2021@yopmail.com,2025-11-05 19:04:04,20,pool-40-thread-1
DaneAbrams.p2028@yopmail.com,2025-11-05 19:04:12,27,pool-40-thread-8
EdenAbrams.p2029@yopmail.com,2025-11-05 19:04:17,28,pool-40-thread-9
CoraAbrams.p2027@yopmail.com,2025-11-05 19:04:22,26,pool-40-thread-7
MayaAbrams.p2036@yopmail.com,2025-11-05 19:04:54,35,pool-65-thread-6
GageAbrams.p2031@yopmail.com,2025-11-05 19:05:05,30,pool-65-thread-1
LaneAbrams.p2035@yopmail.com,2025-11-05 19:05:13,34,pool-65-thread-5
SkyAbrams.p2040@yopmail.com,2025-11-05 19:05:17,39,pool-65-thread-10
IrisAbrams.p2033@yopmail.com,2025-11-05 19:05:23,32,pool-65-thread-3
ParkerAbrams.p2038@yopmail.com,2025-11-05 19:05:29,37,pool-65-thread-8
OceanAbrams.p2037@yopmail.com,2025-11-05 19:05:58,36,pool-65-thread-7
HavenAbrams.p2032@yopmail.com,2025-11-05 19:07:00,31,pool-61-thread-2
SkyAbrams.p2040@yopmail.com,2025-11-05 19:07:18,39,pool-61-thread-10
LaneAbrams.p2035@yopmail.com,2025-11-05 19:07:20,34,pool-61-thread-5
IrisAbrams.p2033@yopmail.com,2025-11-05 19:07:22,32,pool-61-thread-3
GageAbrams.p2031@yopmail.com,2025-11-05 19:07:29,30,pool-61-thread-1
RainAbrams.p2039@yopmail.com,2025-11-05 19:07:30,38,pool-61-thread-9
ParkerAbrams.p2038@yopmail.com,2025-11-05 19:07:30,37,pool-61-thread-8
MayaAbrams.p2036@yopmail.com,2025-11-05 19:07:34,35,pool-61-thread-6
JadeAbrams.p2034@yopmail.com,2025-11-05 19:07:42,33,pool-61-thread-4
TalonAbrams.p2041@yopmail.com,2025-11-05 19:07:59,40,pool-86-thread-1
UrielAbrams.p2042@yopmail.com,2025-11-05 19:08:04,41,pool-86-thread-2
XantheAbrams.p2045@yopmail.com,2025-11-05 19:08:18,44,pool-86-thread-5
WillowAbrams.p2044@yopmail.com,2025-11-05 19:08:20,43,pool-86-thread-4
CedarAbrams.p2049@yopmail.com,2025-11-05 19:08:26,48,pool-86-thread-9
AspenAbrams.p2047@yopmail.com,2025-11-05 19:08:45,46,pool-86-thread-7
BriarAbrams.p2048@yopmail.com,2025-11-05 19:08:51,47,pool-86-thread-8
BriarAbrams.p2048@yopmail.com,2025-11-05 19:10:09,47,pool-82-thread-8
CedarAbrams.p2049@yopmail.com,2025-11-05 19:10:10,48,pool-82-thread-9
UrielAbrams.p2042@yopmail.com,2025-11-05 19:10:22,41,pool-82-thread-2
AspenAbrams.p2047@yopmail.com,2025-11-05 19:10:25,46,pool-82-thread-7
XantheAbrams.p2045@yopmail.com,2025-11-05 19:10:31,44,pool-82-thread-5
ValeAbrams.p2043@yopmail.com,2025-11-05 19:10:31,42,pool-82-thread-3
GemmaAbrams.p2053@yopmail.com,2025-11-05 19:11:05,52,pool-107-thread-3
HarrisonAbrams.p2054@yopmail.com,2025-11-05 19:11:13,53,pool-107-thread-4
MorganAbrams.p2059@yopmail.com,2025-11-05 19:11:21,58,pool-107-thread-9
JasperAbrams.p2056@yopmail.com,2025-11-05 19:11:22,55,pool-107-thread-6
FelixAbrams.p2052@yopmail.com,2025-11-05 19:11:29,51,pool-107-thread-2
KiraAbrams.p2057@yopmail.com,2025-11-05 19:11:37,56,pool-107-thread-7
LucasAbrams.p2058@yopmail.com,2025-11-05 19:11:54,57,pool-107-thread-8
MorganAbrams.p2059@yopmail.com,2025-11-05 19:12:34,58,pool-103-thread-9
GemmaAbrams.p2053@yopmail.com,2025-11-05 19:12:55,52,pool-103-thread-3
JasperAbrams.p2056@yopmail.com,2025-11-05 19:12:59,55,pool-103-thread-6
KiraAbrams.p2057@yopmail.com,2025-11-05 19:13:01,56,pool-103-thread-7
NolanAbrams.p2060@yopmail.com,2025-11-05 19:13:03,59,pool-103-thread-10
HarrisonAbrams.p2054@yopmail.com,2025-11-05 19:13:04,53,pool-103-thread-4
LucasAbrams.p2058@yopmail.com,2025-11-05 19:13:19,57,pool-103-thread-8
RavenAbrams.p2063@yopmail.com,2025-11-05 19:13:54,62,pool-128-thread-3
VioletAbrams.p2067@yopmail.com,2025-11-05 19:14:02,66,pool-128-thread-7
UmaAbrams.p2066@yopmail.com,2025-11-05 19:14:23,65,pool-128-thread-6
XimenaAbrams.p2069@yopmail.com,2025-11-05 19:14:25,68,pool-128-thread-9
OpheliaAbrams.p2061@yopmail.com,2025-11-05 19:14:27,60,pool-128-thread-1
YaelAbrams.p2070@yopmail.com,2025-11-05 19:14:30,69,pool-128-thread-10
TylerAbrams.p2065@yopmail.com,2025-11-05 19:14:38,64,pool-128-thread-5
SierraAbrams.p2064@yopmail.com,2025-11-05 19:14:41,63,pool-128-thread-4
PrestonAbrams.p2062@yopmail.com,2025-11-05 19:14:45,61,pool-128-thread-2
WestonAbrams.p2068@yopmail.com,2025-11-05 19:15:31,67,pool-124-thread-8
XimenaAbrams.p2069@yopmail.com,2025-11-05 19:15:35,68,pool-124-thread-9
RavenAbrams.p2063@yopmail.com,2025-11-05 19:15:46,62,pool-124-thread-3
OpheliaAbrams.p2061@yopmail.com,2025-11-05 19:15:54,60,pool-124-thread-1
SierraAbrams.p2064@yopmail.com,2025-11-05 19:15:56,63,pool-124-thread-4
PrestonAbrams.p2062@yopmail.com,2025-11-05 19:15:58,61,pool-124-thread-2
ZaneAbrams.p2071@yopmail.com,2025-11-05 19:16:53,70,pool-149-thread-1
HarlowAbrams.p2079@yopmail.com,2025-11-05 19:16:55,78,pool-149-thread-9
DahliaAbrams.p2075@yopmail.com,2025-11-05 19:17:36,74,pool-149-thread-5
BennettAbrams.p2073@yopmail.com,2025-11-05 19:17:38,72,pool-149-thread-3
GarnetAbrams.p2078@yopmail.com,2025-11-05 19:17:39,77,pool-149-thread-8
EllisAbrams.p2076@yopmail.com,2025-11-05 19:17:39,75,pool-149-thread-6
CyrusAbrams.p2074@yopmail.com,2025-11-05 19:17:39,73,pool-149-thread-4
GarnetAbrams.p2078@yopmail.com,2025-11-05 19:18:36,77,pool-145-thread-8
DahliaAbrams.p2075@yopmail.com,2025-11-05 19:18:41,74,pool-145-thread-5
HarlowAbrams.p2079@yopmail.com,2025-11-05 19:18:43,78,pool-145-thread-9
IkerAbrams.p2080@yopmail.com,2025-11-05 19:18:47,79,pool-145-thread-10
BennettAbrams.p2073@yopmail.com,2025-11-05 19:19:04,72,pool-145-thread-3
FletcherAbrams.p2077@yopmail.com,2025-11-05 19:19:09,76,pool-145-thread-7
ZaneAbrams.p2071@yopmail.com,2025-11-05 19:19:39,70,pool-145-thread-1
PriscillaAbrams.p2087@yopmail.com,2025-11-05 19:20:27,86,pool-170-thread-7
LorelaiAbrams.p2083@yopmail.com,2025-11-05 19:20:30,82,pool-170-thread-3
RainaAbrams.p2089@yopmail.com,2025-11-05 19:20:51,88,pool-170-thread-9
OakleyAbrams.p2086@yopmail.com,2025-11-05 19:21:05,85,pool-170-thread-6
QuincyAbrams.p2088@yopmail.com,2025-11-05 19:21:12,87,pool-170-thread-8
ThiagoAbrams.p2090@yopmail.com,2025-11-05 19:21:21,89,pool-170-thread-10
NadiaAbrams.p2085@yopmail.com,2025-11-05 19:21:26,84,pool-170-thread-5
PriscillaAbrams.p2087@yopmail.com,2025-11-05 19:23:02,86,pool-166-thread-7
ThiagoAbrams.p2090@yopmail.com,2025-11-05 19:23:04,89,pool-166-thread-10
RainaAbrams.p2089@yopmail.com,2025-11-05 19:23:09,88,pool-166-thread-9
KellanAbrams.p2082@yopmail.com,2025-11-05 19:23:10,81,pool-166-thread-2
NadiaAbrams.p2085@yopmail.com,2025-11-05 19:23:13,84,pool-166-thread-5
BensonAbrams.p2093@yopmail.com,2025-11-05 19:24:00,92,pool-191-thread-3
VincenzoAbrams.p2091@yopmail.com,2025-11-05 19:24:09,90,pool-191-thread-1
EstelleAbrams.p2096@yopmail.com,2025-11-05 19:24:27,95,pool-191-thread-6
FlynnAbrams.p2097@yopmail.com,2025-11-05 19:24:30,96,pool-191-thread-7
AileenAbrams.p2092@yopmail.com,2025-11-05 19:24:37,91,pool-191-thread-2
HendrixAbrams.p2099@yopmail.com,2025-11-05 19:24:48,98,pool-191-thread-9
CallieAbrams.p2094@yopmail.com,2025-11-05 19:24:48,93,pool-191-thread-4
GiaAbrams.p2098@yopmail.com,2025-11-05 19:26:22,97,pool-187-thread-8
FlynnAbrams.p2097@yopmail.com,2025-11-05 19:26:26,96,pool-187-thread-7
DiegoAbrams.p2095@yopmail.com,2025-11-05 19:26:26,94,pool-187-thread-5
CallieAbrams.p2094@yopmail.com,2025-11-05 19:26:29,93,pool-187-thread-4
VincenzoAbrams.p2091@yopmail.com,2025-11-05 19:26:47,90,pool-187-thread-1
HendrixAbrams.p2099@yopmail.com,2025-11-05 19:26:56,98,pool-187-thread-9
JovaniAbrams.p2101@yopmail.com,2025-11-05 19:28:31,100,pool-212-thread-1
LeandroAbrams.p2103@yopmail.com,2025-11-05 19:29:08,102,pool-208-thread-3
TianaAbrams.p2108@yopmail.com,2025-11-05 19:29:21,107,pool-208-thread-8
NikolaiAbrams.p2105@yopmail.com,2025-11-05 19:29:32,104,pool-208-thread-5
SabrinaAbrams.p2107@yopmail.com,2025-11-05 19:29:36,106,pool-208-thread-7
KaiaAbrams.p2102@yopmail.com,2025-11-05 19:29:36,101,pool-208-thread-2
JovaniAbrams.p2101@yopmail.com,2025-11-05 19:29:43,100,pool-208-thread-1
MaliaAbrams.p2104@yopmail.com,2025-11-05 19:29:44,103,pool-208-thread-4
GretaAbrams.p2120@yopmail.com,2025-11-05 19:30:18,119,pool-233-thread-10
FinleyAbrams.p2119@yopmail.com,2025-11-05 19:30:22,118,pool-233-thread-9
AmayaAbrams.p2115@yopmail.com,2025-11-05 19:30:28,114,pool-233-thread-5
ElianaAbrams.p2118@yopmail.com,2025-11-05 19:30:29,117,pool-233-thread-8
CamilaAbrams.p2113@yopmail.com,2025-11-05 19:30:29,112,pool-233-thread-3
DesmondAbrams.p2111@yopmail.com,2025-11-05 19:30:41,110,pool-233-thread-1
DaleyAbrams.p2117@yopmail.com,2025-11-05 19:30:48,116,pool-233-thread-7
RonanAbrams.p2114@yopmail.com,2025-11-05 19:30:52,113,pool-233-thread-4
HugoAbrams.p2112@yopmail.com,2025-11-05 19:30:54,111,pool-233-thread-2
CohenAbrams.p2116@yopmail.com,2025-11-05 19:31:06,115,pool-233-thread-6
HugoAbrams.p2112@yopmail.com,2025-11-05 19:32:31,111,pool-229-thread-2
AmayaAbrams.p2115@yopmail.com,2025-11-05 19:32:39,114,pool-229-thread-5
CamilaAbrams.p2113@yopmail.com,2025-11-05 19:32:41,112,pool-229-thread-3
RonanAbrams.p2114@yopmail.com,2025-11-05 19:32:46,113,pool-229-thread-4
DesmondAbrams.p2111@yopmail.com,2025-11-05 19:32:47,110,pool-229-thread-1
DaleyAbrams.p2117@yopmail.com,2025-11-05 19:32:54,116,pool-229-thread-7
JadaAbrams.p2123@yopmail.com,2025-11-05 19:34:01,122,pool-254-thread-3
KellanAbrams.p2124@yopmail.com,2025-11-05 19:34:38,123,pool-254-thread-4
QuincyAbrams.p2130@yopmail.com,2025-11-05 19:36:25,129,pool-250-thread-10
MillerAbrams.p2126@yopmail.com,2025-11-05 19:36:28,125,pool-250-thread-6
PhoebeAbrams.p2129@yopmail.com,2025-11-05 19:36:34,128,pool-250-thread-9
LorelaiAbrams.p2125@yopmail.com,2025-11-05 19:36:39,124,pool-250-thread-5
KellanAbrams.p2124@yopmail.com,2025-11-05 19:36:39,123,pool-250-thread-4
OrionAbrams.p2128@yopmail.com,2025-11-05 19:36:40,127,pool-250-thread-8
JadaAbrams.p2123@yopmail.com,2025-11-05 19:36:44,122,pool-250-thread-3
ZaneAbrams.p2139@yopmail.com,2025-11-05 19:36:58,138,pool-275-thread-9
SageAbrams.p2132@yopmail.com,2025-11-05 19:37:02,131,pool-275-thread-2
VincenzoAbrams.p2135@yopmail.com,2025-11-05 19:37:09,134,pool-275-thread-5
YaelAbrams.p2138@yopmail.com,2025-11-05 19:37:13,137,pool-275-thread-8
WrenAbrams.p2136@yopmail.com,2025-11-05 19:37:15,135,pool-275-thread-6
XimenaAbrams.p2137@yopmail.com,2025-11-05 19:37:18,136,pool-275-thread-7
XimenaAbrams.p2137@yopmail.com,2025-11-05 19:38:58,136,pool-271-thread-7
VincenzoAbrams.p2135@yopmail.com,2025-11-05 19:38:59,134,pool-271-thread-5
WrenAbrams.p2136@yopmail.com,2025-11-05 19:39:05,135,pool-271-thread-6
RainaAbrams.p2131@yopmail.com,2025-11-05 19:39:14,130,pool-271-thread-1
ZaneAbrams.p2139@yopmail.com,2025-11-05 19:39:19,138,pool-271-thread-9
YaelAbrams.p2138@yopmail.com,2025-11-05 19:39:23,137,pool-271-thread-8
ThiagoAbrams.p2133@yopmail.com,2025-11-05 19:39:29,132,pool-271-thread-3
JunoBarrett.p2146@yopmail.com,2025-11-05 19:39:38,145,pool-296-thread-6
OrionBarrett.p2145@yopmail.com,2025-11-05 19:39:44,144,pool-296-thread-5
IndigoBarrett.p2150@yopmail.com,2025-11-05 19:39:46,149,pool-296-thread-10
BlakeAbrams.p2141@yopmail.com,2025-11-05 19:40:11,140,pool-296-thread-1
PhoenixBarrett.p2144@yopmail.com,2025-11-05 19:40:15,143,pool-296-thread-4
JunoBarrett.p2146@yopmail.com,2025-11-05 19:41:19,145,pool-292-thread-6
BlakeAbrams.p2141@yopmail.com,2025-11-05 19:41:33,140,pool-292-thread-1
RiverBarrett.p2147@yopmail.com,2025-11-05 19:41:38,146,pool-292-thread-7
RowanBarrett.p2149@yopmail.com,2025-11-05 19:41:40,148,pool-292-thread-9
SageBarrett.p2148@yopmail.com,2025-11-05 19:41:46,147,pool-292-thread-8
IndigoBarrett.p2150@yopmail.com,2025-11-05 19:41:54,149,pool-292-thread-10
PhoenixBarrett.p2144@yopmail.com,2025-11-05 19:41:57,143,pool-292-thread-4
KaiBarrett.p2152@yopmail.com,2025-11-05 19:43:11,151,pool-317-thread-2
EchoBarrett.p2156@yopmail.com,2025-11-05 19:43:19,155,pool-317-thread-6
AsterBarrett.p2154@yopmail.com,2025-11-05 19:43:28,153,pool-317-thread-4
TatumBarrett.p2160@yopmail.com,2025-11-05 19:43:39,159,pool-317-thread-10
EmberBarrett.p2151@yopmail.com,2025-11-05 19:43:47,150,pool-317-thread-1
NovaBarrett.p2155@yopmail.com,2025-11-05 19:44:20,154,pool-317-thread-5
ReeseBarrett.p2159@yopmail.com,2025-11-05 19:44:22,158,pool-317-thread-9
EchoBarrett.p2156@yopmail.com,2025-11-05 19:45:07,155,pool-313-thread-6
AsterBarrett.p2154@yopmail.com,2025-11-05 19:45:18,153,pool-313-thread-4
ReeseBarrett.p2159@yopmail.com,2025-11-05 19:45:21,158,pool-313-thread-9
PaxBarrett.p2157@yopmail.com,2025-11-05 19:45:24,156,pool-313-thread-7
LunaBarrett.p2153@yopmail.com,2025-11-05 19:45:26,152,pool-313-thread-3
KaiBarrett.p2152@yopmail.com,2025-11-05 19:45:28,151,pool-313-thread-2
EmberBarrett.p2151@yopmail.com,2025-11-05 19:45:29,150,pool-313-thread-1
QuinnBarrett.p2158@yopmail.com,2025-11-05 19:45:44,157,pool-313-thread-8
DaneBarrett.p2169@yopmail.com,2025-11-05 19:48:37,168,pool-338-thread-9
VesperBarrett.p2161@yopmail.com,2025-11-05 19:48:43,160,pool-338-thread-1
AidenBarrett.p2166@yopmail.com,2025-11-05 19:48:44,165,pool-338-thread-6
YaraBarrett.p2164@yopmail.com,2025-11-05 19:48:44,163,pool-338-thread-4
CoraBarrett.p2168@yopmail.com,2025-11-05 19:48:49,167,pool-338-thread-8
BlakeBarrett.p2167@yopmail.com,2025-11-05 19:49:52,166,pool-334-thread-7
LaneBarrett.p2176@yopmail.com,2025-11-05 19:50:43,175,pool-359-thread-6
MayaBarrett.p2177@yopmail.com,2025-11-05 19:50:50,176,pool-359-thread-7
OceanBarrett.p2178@yopmail.com,2025-11-05 19:50:50,177,pool-359-thread-8
ParkerBarrett.p2179@yopmail.com,2025-11-05 19:50:52,178,pool-359-thread-9
IrisBarrett.p2174@yopmail.com,2025-11-05 19:51:00,173,pool-359-thread-4
JadeBarrett.p2175@yopmail.com,2025-11-05 19:51:03,174,pool-359-thread-5
RainBarrett.p2180@yopmail.com,2025-11-05 19:51:05,179,pool-359-thread-10
HavenBarrett.p2173@yopmail.com,2025-11-05 19:51:13,172,pool-359-thread-3
FinleyBarrett.p2171@yopmail.com,2025-11-05 19:51:14,170,pool-359-thread-1
RainBarrett.p2180@yopmail.com,2025-11-05 19:51:39,179,pool-355-thread-10
HavenBarrett.p2173@yopmail.com,2025-11-05 19:51:54,172,pool-355-thread-3
OceanBarrett.p2178@yopmail.com,2025-11-05 19:51:56,177,pool-355-thread-8
MayaBarrett.p2177@yopmail.com,2025-11-05 19:51:56,176,pool-355-thread-7
LaneBarrett.p2176@yopmail.com,2025-11-05 19:51:56,175,pool-355-thread-6
JadeBarrett.p2175@yopmail.com,2025-11-05 19:51:57,174,pool-355-thread-5
GageBarrett.p2172@yopmail.com,2025-11-05 19:51:58,171,pool-355-thread-2
IrisBarrett.p2174@yopmail.com,2025-11-05 19:51:58,173,pool-355-thread-4
TalonBarrett.p2182@yopmail.com,2025-11-05 19:53:40,181,pool-380-thread-2
CedarBarrett.p2190@yopmail.com,2025-11-05 19:53:56,189,pool-380-thread-10
BriarBarrett.p2189@yopmail.com,2025-11-05 19:54:02,188,pool-380-thread-9
BriarBarrett.p2189@yopmail.com,2025-11-05 19:54:09,188,pool-376-thread-9
WillowBarrett.p2185@yopmail.com,2025-11-05 19:54:10,184,pool-376-thread-5
AspenBarrett.p2188@yopmail.com,2025-11-05 19:54:11,187,pool-380-thread-8
YarrowBarrett.p2187@yopmail.com,2025-11-05 19:54:11,186,pool-376-thread-7
AspenBarrett.p2188@yopmail.com,2025-11-05 19:54:12,187,pool-376-thread-8
SkyBarrett.p2181@yopmail.com,2025-11-05 19:54:41,180,pool-376-thread-1
ValeBarrett.p2184@yopmail.com,2025-11-05 19:54:46,183,pool-376-thread-4
MorganBarrett.p2200@yopmail.com,2025-11-05 19:56:12,199,pool-401-thread-10
FelixBarrett.p2193@yopmail.com,2025-11-05 19:56:33,192,pool-401-thread-3
KiraBarrett.p2198@yopmail.com,2025-11-05 19:56:34,197,pool-401-thread-8
LucasBarrett.p2199@yopmail.com,2025-11-05 19:56:35,198,pool-401-thread-9
JasperBarrett.p2197@yopmail.com,2025-11-05 19:56:35,196,pool-401-thread-7
DorianBarrett.p2191@yopmail.com,2025-11-05 19:56:44,190,pool-401-thread-1
JasperBarrett.p2197@yopmail.com,2025-11-05 19:57:01,196,pool-397-thread-7
DorianBarrett.p2191@yopmail.com,2025-11-05 19:57:07,190,pool-397-thread-1
LucasBarrett.p2199@yopmail.com,2025-11-05 19:57:09,198,pool-397-thread-9
KiraBarrett.p2198@yopmail.com,2025-11-05 19:57:14,197,pool-397-thread-8
ElaraBarrett.p2192@yopmail.com,2025-11-05 19:57:20,191,pool-397-thread-2
GemmaBarrett.p2194@yopmail.com,2025-11-05 19:57:22,193,pool-397-thread-4
FelixBarrett.p2193@yopmail.com,2025-11-05 19:57:23,192,pool-397-thread-3
IslaBarrett.p2196@yopmail.com,2025-11-05 19:57:27,195,pool-397-thread-6
XimenaBarrett.p2210@yopmail.com,2025-11-05 19:58:47,209,pool-422-thread-10
WestonBarrett.p2209@yopmail.com,2025-11-05 19:58:52,208,pool-422-thread-9
TylerBarrett.p2206@yopmail.com,2025-11-05 19:59:00,205,pool-422-thread-6
VioletBarrett.p2208@yopmail.com,2025-11-05 19:59:22,207,pool-422-thread-8
RavenBarrett.p2204@yopmail.com,2025-11-05 19:59:44,203,pool-422-thread-4
OpheliaBarrett.p2202@yopmail.com,2025-11-05 19:59:44,201,pool-422-thread-2
SierraBarrett.p2205@yopmail.com,2025-11-05 19:59:44,204,pool-422-thread-5
PrestonBarrett.p2203@yopmail.com,2025-11-05 19:59:44,202,pool-422-thread-3
NolanBarrett.p2201@yopmail.com,2025-11-05 19:59:44,200,pool-422-thread-1
UmaBarrett.p2207@yopmail.com,2025-11-05 19:59:44,206,pool-422-thread-7
VioletBarrett.p2208@yopmail.com,2025-11-05 20:00:38,207,pool-418-thread-8
UmaBarrett.p2207@yopmail.com,2025-11-05 20:00:46,206,pool-418-thread-7
WestonBarrett.p2209@yopmail.com,2025-11-05 20:01:34,208,pool-418-thread-9
SierraBarrett.p2205@yopmail.com,2025-11-05 20:01:44,204,pool-418-thread-5
OpheliaBarrett.p2202@yopmail.com,2025-11-05 20:01:46,201,pool-418-thread-2
AveryBarrett.p2213@yopmail.com,2025-11-05 20:02:54,212,pool-443-thread-3
HarlowBarrett.p2220@yopmail.com,2025-11-05 20:03:08,219,pool-443-thread-10
FletcherBarrett.p2218@yopmail.com,2025-11-05 20:03:08,217,pool-443-thread-8
YaelBarrett.p2211@yopmail.com,2025-11-05 20:03:14,210,pool-443-thread-1
CyrusBarrett.p2215@yopmail.com,2025-11-05 20:03:18,214,pool-443-thread-5
EllisBarrett.p2217@yopmail.com,2025-11-05 20:03:20,216,pool-443-thread-7
BennettBarrett.p2214@yopmail.com,2025-11-05 20:03:31,213,pool-443-thread-4
GarnetBarrett.p2219@yopmail.com,2025-11-05 20:03:40,218,pool-443-thread-9
ZaneBarrett.p2212@yopmail.com,2025-11-05 20:03:43,211,pool-443-thread-2
HarlowBarrett.p2220@yopmail.com,2025-11-05 20:04:21,219,pool-439-thread-10
ZaneBarrett.p2212@yopmail.com,2025-11-05 20:04:45,211,pool-439-thread-2
DahliaBarrett.p2216@yopmail.com,2025-11-05 20:05:46,215,pool-439-thread-6
YaelBarrett.p2211@yopmail.com,2025-11-05 20:05:52,210,pool-439-thread-1
GarnetBarrett.p2219@yopmail.com,2025-11-05 20:05:54,218,pool-439-thread-9
AveryBarrett.p2213@yopmail.com,2025-11-05 20:05:54,212,pool-439-thread-3
KellanBarrett.p2223@yopmail.com,2025-11-05 20:08:04,222,pool-464-thread-3
LorelaiBarrett.p2224@yopmail.com,2025-11-05 20:08:04,223,pool-464-thread-4
PriscillaBarrett.p2228@yopmail.com,2025-11-05 20:08:05,227,pool-464-thread-8
RainaBarrett.p2230@yopmail.com,2025-11-05 20:08:12,229,pool-464-thread-10
KellanBarrett.p2223@yopmail.com,2025-11-05 20:08:49,222,pool-460-thread-3
OakleyBarrett.p2227@yopmail.com,2025-11-05 20:09:05,226,pool-460-thread-7
QuincyBarrett.p2229@yopmail.com,2025-11-05 20:09:30,228,pool-460-thread-9
FlynnBarrett.p2238@yopmail.com,2025-11-05 20:09:52,237,pool-485-thread-8
BensonBarrett.p2234@yopmail.com,2025-11-05 20:09:54,233,pool-485-thread-4
ThiagoBarrett.p2231@yopmail.com,2025-11-05 20:10:08,230,pool-485-thread-1
VincenzoBarrett.p2232@yopmail.com,2025-11-05 20:10:18,231,pool-485-thread-2
GiaBarrett.p2239@yopmail.com,2025-11-05 20:10:32,238,pool-485-thread-9
GiaBarrett.p2239@yopmail.com,2025-11-05 20:11:37,238,pool-481-thread-9
DiegoBarrett.p2236@yopmail.com,2025-11-05 20:11:37,235,pool-481-thread-6
VincenzoBarrett.p2232@yopmail.com,2025-11-05 20:11:42,231,pool-481-thread-2
BensonBarrett.p2234@yopmail.com,2025-11-05 20:11:44,233,pool-481-thread-4
HendrixBarrett.p2240@yopmail.com,2025-11-05 20:11:46,239,pool-481-thread-10
MaliaBarrett.p2245@yopmail.com,2025-11-05 20:12:41,244,pool-506-thread-5
SabrinaBarrett.p2248@yopmail.com,2025-11-05 20:12:51,247,pool-506-thread-8
IndieBarrett.p2241@yopmail.com,2025-11-05 20:12:55,240,pool-506-thread-1
JovaniBarrett.p2242@yopmail.com,2025-11-05 20:12:57,241,pool-506-thread-2
NikolaiBarrett.p2246@yopmail.com,2025-11-05 20:13:00,245,pool-506-thread-6
QuinnBarrett.p2247@yopmail.com,2025-11-05 20:13:09,246,pool-506-thread-7
KaiaBarrett.p2243@yopmail.com,2025-11-05 20:14:23,242,pool-502-thread-3
IndieBarrett.p2241@yopmail.com,2025-11-05 20:14:41,240,pool-502-thread-1
TianaBarrett.p2249@yopmail.com,2025-11-05 20:14:43,248,pool-502-thread-9
MaliaBarrett.p2245@yopmail.com,2025-11-05 20:14:46,244,pool-502-thread-5
QuinnBarrett.p2247@yopmail.com,2025-11-05 20:14:47,246,pool-502-thread-7
RonanBarrett.p2255@yopmail.com,2025-11-05 20:15:28,254,pool-527-thread-5
HugoBarrett.p2253@yopmail.com,2025-11-05 20:15:30,252,pool-527-thread-3
ElianaBarrett.p2259@yopmail.com,2025-11-05 20:15:34,258,pool-527-thread-9
AmayaBarrett.p2256@yopmail.com,2025-11-05 20:15:36,255,pool-527-thread-6
RyleeBarrett.p2251@yopmail.com,2025-11-05 20:15:37,250,pool-527-thread-1
FinleyBarrett.p2260@yopmail.com,2025-11-05 20:15:44,259,pool-527-thread-10
CamilaBarrett.p2254@yopmail.com,2025-11-05 20:16:01,253,pool-527-thread-4
FinleyBarrett.p2260@yopmail.com,2025-11-05 20:17:25,259,pool-523-thread-10
RonanBarrett.p2255@yopmail.com,2025-11-05 20:17:25,254,pool-523-thread-5
ElianaBarrett.p2259@yopmail.com,2025-11-05 20:17:25,258,pool-523-thread-9
CamilaBarrett.p2254@yopmail.com,2025-11-05 20:17:27,253,pool-523-thread-4
CohenBarrett.p2257@yopmail.com,2025-11-05 20:17:27,256,pool-523-thread-7
RyleeBarrett.p2251@yopmail.com,2025-11-05 20:17:32,250,pool-523-thread-1
DesmondBarrett.p2252@yopmail.com,2025-11-05 20:17:33,251,pool-523-thread-2
MillerBarrett.p2267@yopmail.com,2025-11-05 20:18:40,266,pool-548-thread-7
LorelaiBarrett.p2266@yopmail.com,2025-11-05 20:18:58,265,pool-548-thread-6
JadaBarrett.p2264@yopmail.com,2025-11-05 20:19:14,263,pool-548-thread-4
KellanBarrett.p2265@yopmail.com,2025-11-05 20:19:54,264,pool-548-thread-5
IkerBarrett.p2263@yopmail.com,2025-11-05 20:20:25,262,pool-548-thread-3
PhoebeBarrett.p2270@yopmail.com,2025-11-05 20:20:26,269,pool-548-thread-10
NadiaBarrett.p2268@yopmail.com,2025-11-05 20:20:26,267,pool-548-thread-8
OrionBarrett.p2269@yopmail.com,2025-11-05 20:21:57,268,pool-544-thread-9
HarperBarrett.p2262@yopmail.com,2025-11-05 20:22:09,261,pool-544-thread-2
KellanBarrett.p2265@yopmail.com,2025-11-05 20:22:09,264,pool-544-thread-5
ZaneBarrett.p2280@yopmail.com,2025-11-05 20:22:42,279,pool-569-thread-10
ThiagoBarrett.p2274@yopmail.com,2025-11-05 20:22:42,273,pool-569-thread-4
XimenaBarrett.p2278@yopmail.com,2025-11-05 20:22:45,277,pool-569-thread-8
YaelBarrett.p2279@yopmail.com,2025-11-05 20:22:50,278,pool-569-thread-9
QuincyBarrett.p2271@yopmail.com,2025-11-05 20:22:50,270,pool-569-thread-1
RainaBarrett.p2272@yopmail.com,2025-11-05 20:22:53,271,pool-569-thread-2
SageBarrett.p2273@yopmail.com,2025-11-05 20:22:53,272,pool-569-thread-3
WrenBarrett.p2277@yopmail.com,2025-11-05 20:22:56,276,pool-569-thread-7
XimenaBarrett.p2278@yopmail.com,2025-11-05 20:25:35,277,pool-565-thread-8
UmaBarrett.p2275@yopmail.com,2025-11-05 20:25:35,274,pool-565-thread-5
VincenzoBarrett.p2276@yopmail.com,2025-11-05 20:25:38,275,pool-565-thread-6
ThiagoBarrett.p2274@yopmail.com,2025-11-05 20:25:48,273,pool-565-thread-4
SageChen.p2289@yopmail.com,2025-11-05 20:26:42,288,pool-590-thread-9
AidenBarrett.p2281@yopmail.com,2025-11-05 20:27:27,280,pool-586-thread-1
ZephyrChen.p2283@yopmail.com,2025-11-05 20:27:36,282,pool-586-thread-3
JunoChen.p2287@yopmail.com,2025-11-05 20:27:40,286,pool-586-thread-7
PhoenixChen.p2285@yopmail.com,2025-11-05 20:27:42,284,pool-586-thread-5
OrionChen.p2286@yopmail.com,2025-11-05 20:27:42,285,pool-586-thread-6
AtlasChen.p2284@yopmail.com,2025-11-05 20:27:42,283,pool-586-thread-4
SageChen.p2289@yopmail.com,2025-11-05 20:27:43,288,pool-586-thread-9
BlakeBarrett.p2282@yopmail.com,2025-11-05 20:27:43,281,pool-586-thread-2
PaxChen.p2298@yopmail.com,2025-11-05 20:29:26,297,pool-611-thread-8
QuinnChen.p2299@yopmail.com,2025-11-05 20:29:27,298,pool-611-thread-9
LunaChen.p2294@yopmail.com,2025-11-05 20:29:27,293,pool-611-thread-4
ReeseChen.p2300@yopmail.com,2025-11-05 20:29:35,299,pool-611-thread-10
IndigoChen.p2291@yopmail.com,2025-11-05 20:29:38,290,pool-611-thread-1
KaiChen.p2293@yopmail.com,2025-11-05 20:29:43,292,pool-611-thread-3
EmberChen.p2292@yopmail.com,2025-11-05 20:29:44,291,pool-611-thread-2
EchoChen.p2297@yopmail.com,2025-11-05 20:29:49,296,pool-611-thread-7
NovaChen.p2296@yopmail.com,2025-11-05 20:29:49,295,pool-611-thread-6
QuinnChen.p2299@yopmail.com,2025-11-05 20:29:57,298,pool-607-thread-9
ReeseChen.p2300@yopmail.com,2025-11-05 20:30:05,299,pool-607-thread-10
KaiChen.p2293@yopmail.com,2025-11-05 20:30:07,292,pool-607-thread-3
IndigoChen.p2291@yopmail.com,2025-11-05 20:30:09,290,pool-607-thread-1
EmberChen.p2292@yopmail.com,2025-11-05 20:30:11,291,pool-607-thread-2
DaneChen.p2310@yopmail.com,2025-11-05 20:34:54,309,pool-628-thread-10
BlakeChen.p2308@yopmail.com,2025-11-05 20:34:59,307,pool-628-thread-8
AidenChen.p2307@yopmail.com,2025-11-05 20:35:05,306,pool-628-thread-7
XaraChen.p2304@yopmail.com,2025-11-05 20:35:05,303,pool-628-thread-4
WrenChen.p2303@yopmail.com,2025-11-05 20:35:19,302,pool-628-thread-3
GageChen.p2313@yopmail.com,2025-11-05 20:35:40,312,pool-653-thread-3
LaneChen.p2317@yopmail.com,2025-11-05 20:35:42,316,pool-653-thread-7
IrisChen.p2315@yopmail.com,2025-11-05 20:35:42,314,pool-653-thread-5
JadeChen.p2316@yopmail.com,2025-11-05 20:35:45,315,pool-653-thread-6
ParkerChen.p2320@yopmail.com,2025-11-05 20:35:48,319,pool-653-thread-10
HavenChen.p2314@yopmail.com,2025-11-05 20:35:52,313,pool-653-thread-4
HavenChen.p2314@yopmail.com,2025-11-05 20:38:07,313,pool-647-thread-4
FinleyChen.p2312@yopmail.com,2025-11-05 20:38:08,311,pool-647-thread-2
JadeChen.p2316@yopmail.com,2025-11-05 20:38:13,315,pool-647-thread-6
GageChen.p2313@yopmail.com,2025-11-05 20:38:17,312,pool-647-thread-3
OceanChen.p2319@yopmail.com,2025-11-05 20:38:18,318,pool-647-thread-9
ParkerChen.p2320@yopmail.com,2025-11-05 20:38:24,319,pool-647-thread-10
LaneChen.p2317@yopmail.com,2025-11-05 20:38:26,316,pool-647-thread-7
IrisChen.p2315@yopmail.com,2025-11-05 20:38:26,314,pool-647-thread-5
EdenChen.p2311@yopmail.com,2025-11-05 20:38:28,310,pool-647-thread-1
WillowChen.p2326@yopmail.com,2025-11-05 20:39:24,325,pool-674-thread-6
RainChen.p2321@yopmail.com,2025-11-05 20:39:44,320,pool-674-thread-1
ValeChen.p2325@yopmail.com,2025-11-05 20:41:17,324,pool-674-thread-5
SkyChen.p2322@yopmail.com,2025-11-05 20:41:32,321,pool-674-thread-2
AspenChen.p2329@yopmail.com,2025-11-05 20:41:33,328,pool-674-thread-9
YarrowChen.p2328@yopmail.com,2025-11-05 20:41:33,327,pool-674-thread-8
BriarChen.p2330@yopmail.com,2025-11-05 20:41:33,329,pool-674-thread-10
UrielChen.p2324@yopmail.com,2025-11-05 20:42:31,323,pool-668-thread-4
AspenChen.p2329@yopmail.com,2025-11-05 20:43:01,328,pool-668-thread-9
YarrowChen.p2328@yopmail.com,2025-11-05 20:43:42,327,pool-668-thread-8
ElaraChen.p2333@yopmail.com,2025-11-05 20:44:07,332,pool-695-thread-3
GemmaChen.p2335@yopmail.com,2025-11-05 20:44:08,334,pool-695-thread-5
CedarChen.p2331@yopmail.com,2025-11-05 20:44:12,330,pool-695-thread-1
FelixChen.p2334@yopmail.com,2025-11-05 20:44:13,333,pool-695-thread-4
DorianChen.p2332@yopmail.com,2025-11-05 20:44:15,331,pool-695-thread-2
LucasChen.p2340@yopmail.com,2025-11-05 20:44:20,339,pool-695-thread-10
HarrisonChen.p2336@yopmail.com,2025-11-05 20:44:22,335,pool-695-thread-6
LucasChen.p2340@yopmail.com,2025-11-05 20:46:14,339,pool-689-thread-10
CedarChen.p2331@yopmail.com,2025-11-05 20:46:20,330,pool-689-thread-1
KiraChen.p2339@yopmail.com,2025-11-05 20:46:21,338,pool-689-thread-9
HarrisonChen.p2336@yopmail.com,2025-11-05 20:46:35,335,pool-689-thread-6
ElaraChen.p2333@yopmail.com,2025-11-05 20:46:37,332,pool-689-thread-3
JasperChen.p2338@yopmail.com,2025-11-05 20:46:37,337,pool-689-thread-8
GemmaChen.p2335@yopmail.com,2025-11-05 20:46:38,334,pool-689-thread-5
IslaChen.p2337@yopmail.com,2025-11-05 20:46:44,336,pool-689-thread-7
UmaChen.p2348@yopmail.com,2025-11-05 20:48:18,347,pool-716-thread-8
NolanChen.p2342@yopmail.com,2025-11-05 20:48:34,341,pool-716-thread-2
MorganChen.p2341@yopmail.com,2025-11-05 20:48:42,340,pool-716-thread-1
WestonChen.p2350@yopmail.com,2025-11-05 20:48:59,349,pool-716-thread-10
OpheliaChen.p2343@yopmail.com,2025-11-05 20:50:01,342,pool-710-thread-3
RavenChen.p2345@yopmail.com,2025-11-05 20:50:05,344,pool-710-thread-5
PrestonChen.p2344@yopmail.com,2025-11-05 20:50:09,343,pool-710-thread-4
NolanChen.p2342@yopmail.com,2025-11-05 20:51:04,341,pool-710-thread-2
VioletChen.p2349@yopmail.com,2025-11-05 20:51:22,348,pool-710-thread-9
MorganChen.p2341@yopmail.com,2025-11-05 20:51:35,340,pool-710-thread-1
WestonChen.p2350@yopmail.com,2025-11-05 20:51:38,349,pool-710-thread-10
BennettChen.p2355@yopmail.com,2025-11-05 20:53:18,354,pool-737-thread-5
CyrusChen.p2356@yopmail.com,2025-11-05 20:53:40,355,pool-737-thread-6
XimenaChen.p2351@yopmail.com,2025-11-05 20:53:42,350,pool-737-thread-1
FletcherChen.p2359@yopmail.com,2025-11-05 20:53:46,358,pool-737-thread-9
EllisChen.p2358@yopmail.com,2025-11-05 20:53:51,357,pool-737-thread-8
ZaneChen.p2353@yopmail.com,2025-11-05 20:53:51,352,pool-737-thread-3
DahliaChen.p2357@yopmail.com,2025-11-05 20:53:51,356,pool-737-thread-7
AveryChen.p2354@yopmail.com,2025-11-05 20:53:51,353,pool-737-thread-4
BennettChen.p2355@yopmail.com,2025-11-05 20:54:43,354,pool-731-thread-5
XimenaChen.p2351@yopmail.com,2025-11-05 20:55:12,350,pool-731-thread-1
EllisChen.p2358@yopmail.com,2025-11-05 20:55:15,357,pool-731-thread-8
DahliaChen.p2357@yopmail.com,2025-11-05 20:55:21,356,pool-731-thread-7
CyrusChen.p2356@yopmail.com,2025-11-05 20:55:35,355,pool-731-thread-6
FletcherChen.p2359@yopmail.com,2025-11-05 20:55:43,358,pool-731-thread-9
AveryChen.p2354@yopmail.com,2025-11-05 20:55:48,353,pool-731-thread-4
IkerChen.p2362@yopmail.com,2025-11-05 20:56:58,361,pool-758-thread-2
KellanChen.p2364@yopmail.com,2025-11-05 20:57:07,363,pool-758-thread-4
HarlowChen.p2361@yopmail.com,2025-11-05 20:57:12,360,pool-758-thread-1
PriscillaChen.p2369@yopmail.com,2025-11-05 20:57:20,368,pool-758-thread-9
QuincyChen.p2370@yopmail.com,2025-11-05 20:57:41,369,pool-758-thread-10
OakleyChen.p2368@yopmail.com,2025-11-05 20:57:45,367,pool-758-thread-8
LorelaiChen.p2365@yopmail.com,2025-11-05 20:58:47,364,pool-752-thread-5
IkerChen.p2362@yopmail.com,2025-11-05 20:58:56,361,pool-752-thread-2
QuincyChen.p2370@yopmail.com,2025-11-05 20:59:06,369,pool-752-thread-10
PriscillaChen.p2369@yopmail.com,2025-11-05 20:59:19,368,pool-752-thread-9
NadiaChen.p2367@yopmail.com,2025-11-05 20:59:21,366,pool-752-thread-7
KellanChen.p2364@yopmail.com,2025-11-05 20:59:28,363,pool-752-thread-4
JadaChen.p2363@yopmail.com,2025-11-05 20:59:46,362,pool-752-thread-3
EstelleChen.p2378@yopmail.com,2025-11-05 21:01:34,377,pool-779-thread-8
ThiagoChen.p2372@yopmail.com,2025-11-05 21:01:36,371,pool-779-thread-2
VincenzoChen.p2373@yopmail.com,2025-11-05 21:01:38,372,pool-779-thread-3
GiaChen.p2380@yopmail.com,2025-11-05 21:01:41,379,pool-779-thread-10
CallieChen.p2376@yopmail.com,2025-11-05 21:01:48,375,pool-779-thread-6
BensonChen.p2375@yopmail.com,2025-11-05 21:01:53,374,pool-779-thread-5
FlynnChen.p2379@yopmail.com,2025-11-05 21:04:05,378,pool-773-thread-9
EstelleChen.p2378@yopmail.com,2025-11-05 21:04:28,377,pool-773-thread-8
AileenChen.p2374@yopmail.com,2025-11-05 21:04:32,373,pool-773-thread-4
RainaChen.p2371@yopmail.com,2025-11-05 21:05:02,370,pool-773-thread-1
IndieChen.p2382@yopmail.com,2025-11-05 21:06:11,381,pool-800-thread-2
NikolaiChen.p2387@yopmail.com,2025-11-05 21:06:53,386,pool-800-thread-7
LeandroChen.p2385@yopmail.com,2025-11-05 21:09:19,384,pool-794-thread-5
QuinnChen.p2388@yopmail.com,2025-11-05 21:09:20,387,pool-794-thread-8
RonanChen.p2396@yopmail.com,2025-11-05 21:09:47,395,pool-821-thread-6
DesmondChen.p2393@yopmail.com,2025-11-05 21:10:00,392,pool-821-thread-3
LanceChen.p2391@yopmail.com,2025-11-05 21:10:04,390,pool-821-thread-1
LanceChen.p2391@yopmail.com,2025-11-05 21:13:15,390,pool-815-thread-1
OrionChen.p2410@yopmail.com,2025-11-05 21:13:23,409,pool-842-thread-10
MillerChen.p2408@yopmail.com,2025-11-05 21:13:25,407,pool-842-thread-8
HarperChen.p2403@yopmail.com,2025-11-05 21:13:26,402,pool-842-thread-3
AmayaChen.p2397@yopmail.com,2025-11-05 21:13:30,396,pool-815-thread-7
GretaChen.p2402@yopmail.com,2025-11-05 21:13:47,401,pool-842-thread-2
LorelaiChen.p2407@yopmail.com,2025-11-05 21:15:37,406,pool-836-thread-7
IkerChen.p2404@yopmail.com,2025-11-05 21:16:01,403,pool-836-thread-4
OrionChen.p2410@yopmail.com,2025-11-05 21:16:23,409,pool-836-thread-10
GretaChen.p2402@yopmail.com,2025-11-05 21:16:23,401,pool-836-thread-2
FinleyChen.p2401@yopmail.com,2025-11-05 21:16:23,400,pool-836-thread-1
JadaChen.p2405@yopmail.com,2025-11-05 21:16:23,404,pool-836-thread-5
VincenzoChen.p2417@yopmail.com,2025-11-05 21:18:01,416,pool-859-thread-7
YaelChen.p2420@yopmail.com,2025-11-05 21:18:03,419,pool-859-thread-10
WrenChen.p2418@yopmail.com,2025-11-05 21:18:24,417,pool-859-thread-8
VincenzoChen.p2417@yopmail.com,2025-11-05 21:18:47,416,pool-857-thread-7
PhoebeChen.p2411@yopmail.com,2025-11-05 21:18:47,410,pool-857-thread-1
SageChen.p2414@yopmail.com,2025-11-05 21:18:50,413,pool-857-thread-4
AidenChen.p2422@yopmail.com,2025-11-05 21:20:50,421,pool-880-thread-2
ZaneChen.p2421@yopmail.com,2025-11-05 21:21:21,420,pool-880-thread-1
AtlasDelaney.p2425@yopmail.com,2025-11-05 21:21:31,424,pool-880-thread-5
OrionDelaney.p2427@yopmail.com,2025-11-05 21:21:34,426,pool-880-thread-7
RiverDelaney.p2429@yopmail.com,2025-11-05 21:21:34,428,pool-880-thread-9
BlakeChen.p2423@yopmail.com,2025-11-05 21:21:34,422,pool-880-thread-3
PhoenixDelaney.p2426@yopmail.com,2025-11-05 21:21:34,425,pool-880-thread-6
PhoenixDelaney.p2426@yopmail.com,2025-11-05 21:22:15,425,pool-878-thread-6
AidenChen.p2422@yopmail.com,2025-11-05 21:22:19,421,pool-878-thread-2
JunoDelaney.p2428@yopmail.com,2025-11-05 21:22:21,427,pool-878-thread-8
OrionDelaney.p2427@yopmail.com,2025-11-05 21:23:09,426,pool-878-thread-7
AtlasDelaney.p2425@yopmail.com,2025-11-05 21:23:14,424,pool-878-thread-5
ZephyrDelaney.p2424@yopmail.com,2025-11-05 21:23:27,423,pool-878-thread-4
RowanDelaney.p2431@yopmail.com,2025-11-05 21:24:27,430,pool-901-thread-1
QuinnDelaney.p2440@yopmail.com,2025-11-05 21:24:36,439,pool-901-thread-10
IndigoDelaney.p2432@yopmail.com,2025-11-05 21:24:57,431,pool-901-thread-2
LunaDelaney.p2435@yopmail.com,2025-11-05 21:25:16,434,pool-901-thread-5
EchoDelaney.p2438@yopmail.com,2025-11-05 21:25:33,437,pool-899-thread-8
RowanDelaney.p2431@yopmail.com,2025-11-05 21:25:37,430,pool-899-thread-1
PaxDelaney.p2439@yopmail.com,2025-11-05 21:25:38,438,pool-899-thread-9
QuinnDelaney.p2440@yopmail.com,2025-11-05 21:25:39,439,pool-899-thread-10
KaiDelaney.p2434@yopmail.com,2025-11-05 21:25:42,433,pool-899-thread-4
NovaDelaney.p2437@yopmail.com,2025-11-05 21:25:53,436,pool-899-thread-7
IndigoDelaney.p2432@yopmail.com,2025-11-05 21:25:56,431,pool-899-thread-2
EmberDelaney.p2433@yopmail.com,2025-11-05 21:25:58,432,pool-899-thread-3
CoraDelaney.p2450@yopmail.com,2025-11-05 21:27:13,449,pool-922-thread-10
AidenDelaney.p2448@yopmail.com,2025-11-05 21:27:43,447,pool-922-thread-8
WrenDelaney.p2444@yopmail.com,2025-11-05 21:27:47,443,pool-922-thread-4
XaraDelaney.p2445@yopmail.com,2025-11-05 21:27:47,444,pool-922-thread-5
VesperDelaney.p2443@yopmail.com,2025-11-05 21:27:47,442,pool-922-thread-3
BlakeDelaney.p2449@yopmail.com,2025-11-05 21:27:51,448,pool-922-thread-9
ZaraDelaney.p2447@yopmail.com,2025-11-05 21:29:14,446,pool-920-thread-7
BlakeDelaney.p2449@yopmail.com,2025-11-05 21:29:25,448,pool-920-thread-9
WrenDelaney.p2444@yopmail.com,2025-11-05 21:29:32,443,pool-920-thread-4
CoraDelaney.p2450@yopmail.com,2025-11-05 21:29:34,449,pool-920-thread-10
AidenDelaney.p2448@yopmail.com,2025-11-05 21:29:36,447,pool-920-thread-8
VesperDelaney.p2443@yopmail.com,2025-11-05 21:29:41,442,pool-920-thread-3
IrisDelaney.p2456@yopmail.com,2025-11-05 21:30:18,455,pool-943-thread-6
EdenDelaney.p2452@yopmail.com,2025-11-05 21:30:31,451,pool-943-thread-2
GageDelaney.p2454@yopmail.com,2025-11-05 21:30:37,453,pool-943-thread-4
MayaDelaney.p2459@yopmail.com,2025-11-05 21:30:47,458,pool-943-thread-9
HavenDelaney.p2455@yopmail.com,2025-11-05 21:31:02,454,pool-943-thread-5
FinleyDelaney.p2453@yopmail.com,2025-11-05 21:31:11,452,pool-943-thread-3
OceanDelaney.p2460@yopmail.com,2025-11-05 21:31:29,459,pool-943-thread-10
HavenDelaney.p2455@yopmail.com,2025-11-05 21:32:29,454,pool-941-thread-5
GageDelaney.p2454@yopmail.com,2025-11-05 21:32:47,453,pool-941-thread-4
DaneDelaney.p2451@yopmail.com,2025-11-05 21:33:00,450,pool-941-thread-1
JadeDelaney.p2457@yopmail.com,2025-11-05 21:33:01,456,pool-941-thread-7
OceanDelaney.p2460@yopmail.com,2025-11-05 21:33:01,459,pool-941-thread-10
LaneDelaney.p2458@yopmail.com,2025-11-05 21:33:11,457,pool-941-thread-8
RainDelaney.p2462@yopmail.com,2025-11-05 21:34:40,461,pool-964-thread-2
ValeDelaney.p2466@yopmail.com,2025-11-05 21:35:11,465,pool-964-thread-6
XantheDelaney.p2468@yopmail.com,2025-11-05 21:35:13,467,pool-964-thread-8
TalonDelaney.p2464@yopmail.com,2025-11-05 21:35:31,463,pool-962-thread-4
ParkerDelaney.p2461@yopmail.com,2025-11-05 21:35:35,460,pool-962-thread-1
YarrowDelaney.p2469@yopmail.com,2025-11-05 21:35:47,468,pool-962-thread-9
XantheDelaney.p2468@yopmail.com,2025-11-05 21:35:53,467,pool-962-thread-8
ValeDelaney.p2466@yopmail.com,2025-11-05 21:35:55,465,pool-962-thread-6
AspenDelaney.p2470@yopmail.com,2025-11-05 21:35:59,469,pool-962-thread-10
WillowDelaney.p2467@yopmail.com,2025-11-05 21:36:01,466,pool-962-thread-7
IslaDelaney.p2478@yopmail.com,2025-11-05 21:37:54,477,pool-985-thread-8
HarrisonDelaney.p2477@yopmail.com,2025-11-05 21:37:57,476,pool-985-thread-7
ElaraDelaney.p2474@yopmail.com,2025-11-05 21:37:59,473,pool-985-thread-4
DorianDelaney.p2473@yopmail.com,2025-11-05 21:38:09,472,pool-985-thread-3
KiraDelaney.p2480@yopmail.com,2025-11-05 21:38:42,479,pool-985-thread-10
FelixDelaney.p2475@yopmail.com,2025-11-05 21:38:57,474,pool-985-thread-5
BriarDelaney.p2471@yopmail.com,2025-11-05 21:39:00,470,pool-985-thread-1
FelixDelaney.p2475@yopmail.com,2025-11-05 21:40:00,474,pool-983-thread-5
CedarDelaney.p2472@yopmail.com,2025-11-05 21:40:05,471,pool-983-thread-2
ElaraDelaney.p2474@yopmail.com,2025-11-05 21:40:06,473,pool-983-thread-4
KiraDelaney.p2480@yopmail.com,2025-11-05 21:40:06,479,pool-983-thread-10
OpheliaDelaney.p2484@yopmail.com,2025-11-05 21:43:30,483,pool-1006-thread-4
VioletDelaney.p2490@yopmail.com,2025-11-05 21:43:45,489,pool-1006-thread-10
RavenDelaney.p2486@yopmail.com,2025-11-05 21:43:45,485,pool-1006-thread-6
YaelDelaney.p2493@yopmail.com,2025-11-05 21:45:43,492,pool-1027-thread-3
XimenaDelaney.p2492@yopmail.com,2025-11-05 21:46:00,491,pool-1027-thread-2
WestonDelaney.p2491@yopmail.com,2025-11-05 21:46:22,490,pool-1027-thread-1
FletcherDelaney.p2500@yopmail.com,2025-11-05 21:46:30,499,pool-1027-thread-10
AveryDelaney.p2495@yopmail.com,2025-11-05 21:46:41,494,pool-1027-thread-5
FletcherDelaney.p2500@yopmail.com,2025-11-05 21:48:22,499,pool-1025-thread-10
WestonDelaney.p2491@yopmail.com,2025-11-05 21:48:57,490,pool-1025-thread-1
YaelDelaney.p2493@yopmail.com,2025-11-05 21:49:55,492,pool-1025-thread-3
XimenaDelaney.p2492@yopmail.com,2025-11-05 21:49:55,491,pool-1025-thread-2
AveryDelaney.p2495@yopmail.com,2025-11-05 21:49:56,494,pool-1025-thread-5
DahliaDelaney.p2498@yopmail.com,2025-11-05 21:49:56,497,pool-1025-thread-8
BennettDelaney.p2496@yopmail.com,2025-11-05 21:49:56,495,pool-1025-thread-6
GarnetDelaney.p2501@yopmail.com,2025-11-05 21:50:55,500,pool-1048-thread-1
NadiaDelaney.p2508@yopmail.com,2025-11-05 21:51:18,507,pool-1048-thread-8
JadaDelaney.p2504@yopmail.com,2025-11-05 21:52:01,503,pool-1046-thread-4
KellanDelaney.p2505@yopmail.com,2025-11-05 21:52:01,504,pool-1046-thread-5
LorelaiDelaney.p2506@yopmail.com,2025-11-05 21:52:05,505,pool-1046-thread-6
PriscillaDelaney.p2510@yopmail.com,2025-11-05 21:52:07,509,pool-1046-thread-10
MillerDelaney.p2507@yopmail.com,2025-11-05 21:52:08,506,pool-1046-thread-7
OakleyDelaney.p2509@yopmail.com,2025-11-05 21:52:08,508,pool-1046-thread-9
GarnetDelaney.p2501@yopmail.com,2025-11-05 21:52:08,500,pool-1046-thread-1
NadiaDelaney.p2508@yopmail.com,2025-11-05 21:52:25,507,pool-1046-thread-8
BensonDelaney.p2516@yopmail.com,2025-11-05 21:53:52,515,pool-1069-thread-6
DiegoDelaney.p2518@yopmail.com,2025-11-05 21:55:07,517,pool-1067-thread-8
EstelleDelaney.p2519@yopmail.com,2025-11-05 21:55:11,518,pool-1067-thread-9
VincenzoDelaney.p2514@yopmail.com,2025-11-05 21:55:11,513,pool-1067-thread-4
FlynnDelaney.p2520@yopmail.com,2025-11-05 21:55:43,519,pool-1067-thread-10
BensonDelaney.p2516@yopmail.com,2025-11-05 21:55:46,515,pool-1067-thread-6
QuincyDelaney.p2511@yopmail.com,2025-11-05 21:55:53,510,pool-1067-thread-1
AileenDelaney.p2515@yopmail.com,2025-11-05 21:55:53,514,pool-1067-thread-5
IndieDelaney.p2523@yopmail.com,2025-11-05 21:56:59,522,pool-1090-thread-3
HendrixDelaney.p2522@yopmail.com,2025-11-05 21:57:06,521,pool-1090-thread-2
JovaniDelaney.p2524@yopmail.com,2025-11-05 21:57:08,523,pool-1090-thread-4
MaliaDelaney.p2527@yopmail.com,2025-11-05 21:57:09,526,pool-1090-thread-7
GiaDelaney.p2521@yopmail.com,2025-11-05 21:57:13,520,pool-1090-thread-1
SabrinaDelaney.p2530@yopmail.com,2025-11-05 21:57:13,529,pool-1090-thread-10
GiaDelaney.p2521@yopmail.com,2025-11-05 21:58:32,520,pool-1088-thread-1
LeandroDelaney.p2526@yopmail.com,2025-11-05 21:59:25,525,pool-1088-thread-6
JovaniDelaney.p2524@yopmail.com,2025-11-05 21:59:27,523,pool-1088-thread-4
KaiaDelaney.p2525@yopmail.com,2025-11-05 21:59:27,524,pool-1088-thread-5
SabrinaDelaney.p2530@yopmail.com,2025-11-05 21:59:27,529,pool-1088-thread-10
NikolaiDelaney.p2528@yopmail.com,2025-11-05 21:59:27,527,pool-1088-thread-8
HendrixDelaney.p2522@yopmail.com,2025-11-05 21:59:27,521,pool-1088-thread-2
MaliaDelaney.p2527@yopmail.com,2025-11-05 21:59:27,526,pool-1088-thread-7
HugoDelaney.p2535@yopmail.com,2025-11-05 22:00:47,534,pool-1111-thread-5
AmayaDelaney.p2538@yopmail.com,2025-11-05 22:00:56,537,pool-1111-thread-8
LanceDelaney.p2532@yopmail.com,2025-11-05 22:01:00,531,pool-1111-thread-2
DaleyDelaney.p2540@yopmail.com,2025-11-05 22:01:06,539,pool-1111-thread-10
CamilaDelaney.p2536@yopmail.com,2025-11-05 22:01:08,535,pool-1111-thread-6
RonanDelaney.p2537@yopmail.com,2025-11-05 22:01:16,536,pool-1111-thread-7
RonanDelaney.p2537@yopmail.com,2025-11-05 22:02:03,536,pool-1109-thread-7
LanceDelaney.p2532@yopmail.com,2025-11-05 22:02:04,531,pool-1109-thread-2
DesmondDelaney.p2534@yopmail.com,2025-11-05 22:02:17,533,pool-1109-thread-4
CohenDelaney.p2539@yopmail.com,2025-11-05 22:03:00,538,pool-1109-thread-9
TianaDelaney.p2531@yopmail.com,2025-11-05 22:03:05,530,pool-1109-thread-1
HugoDelaney.p2535@yopmail.com,2025-11-05 22:03:12,534,pool-1109-thread-5
LorelaiDelaney.p2548@yopmail.com,2025-11-05 22:03:52,547,pool-1132-thread-8
NadiaDelaney.p2550@yopmail.com,2025-11-05 22:04:22,549,pool-1132-thread-10
IkerDelaney.p2545@yopmail.com,2025-11-05 22:04:23,544,pool-1132-thread-5
GretaDelaney.p2543@yopmail.com,2025-11-05 22:04:23,542,pool-1132-thread-3
KellanDelaney.p2547@yopmail.com,2025-11-05 22:04:25,546,pool-1132-thread-7
JadaDelaney.p2546@yopmail.com,2025-11-05 22:04:36,545,pool-1132-thread-6
MillerDelaney.p2549@yopmail.com,2025-11-05 22:05:18,548,pool-1130-thread-9
KellanDelaney.p2547@yopmail.com,2025-11-05 22:05:25,546,pool-1130-thread-7
NadiaDelaney.p2550@yopmail.com,2025-11-05 22:05:28,549,pool-1130-thread-10
HarperDelaney.p2544@yopmail.com,2025-11-05 22:05:35,543,pool-1130-thread-4
FinleyDelaney.p2542@yopmail.com,2025-11-05 22:05:39,541,pool-1130-thread-2
JadaDelaney.p2546@yopmail.com,2025-11-05 22:05:49,545,pool-1130-thread-6
LorelaiDelaney.p2548@yopmail.com,2025-11-05 22:07:03,547,pool-1130-thread-8
IkerDelaney.p2545@yopmail.com,2025-11-05 22:07:03,544,pool-1130-thread-5
SageDelaney.p2555@yopmail.com,2025-11-05 22:08:37,554,pool-1153-thread-5
VincenzoDelaney.p2558@yopmail.com,2025-11-05 22:08:59,557,pool-1153-thread-8
OrionDelaney.p2551@yopmail.com,2025-11-05 22:09:15,550,pool-1153-thread-1
QuincyDelaney.p2553@yopmail.com,2025-11-05 22:09:15,552,pool-1153-thread-3
UmaDelaney.p2557@yopmail.com,2025-11-05 22:09:16,556,pool-1153-thread-7
WrenDelaney.p2559@yopmail.com,2025-11-05 22:09:17,558,pool-1153-thread-9
QuincyDelaney.p2553@yopmail.com,2025-11-05 22:10:04,552,pool-1151-thread-3
XimenaDelaney.p2560@yopmail.com,2025-11-05 22:10:10,559,pool-1151-thread-10
ThiagoDelaney.p2556@yopmail.com,2025-11-05 22:10:10,555,pool-1151-thread-6
WrenDelaney.p2559@yopmail.com,2025-11-05 22:10:11,558,pool-1151-thread-9
YaelDelaney.p2561@yopmail.com,2025-11-05 22:12:57,560,pool-1174-thread-1
JunoEvans.p2569@yopmail.com,2025-11-05 22:13:11,568,pool-1174-thread-9
AtlasEvans.p2566@yopmail.com,2025-11-05 22:13:14,565,pool-1172-thread-6
AidenDelaney.p2563@yopmail.com,2025-11-05 22:13:18,562,pool-1172-thread-3
JunoEvans.p2569@yopmail.com,2025-11-05 22:13:22,568,pool-1172-thread-9
PhoenixEvans.p2567@yopmail.com,2025-11-05 22:13:22,566,pool-1172-thread-7
ZaneDelaney.p2562@yopmail.com,2025-11-05 22:13:26,561,pool-1172-thread-2
ZephyrEvans.p2565@yopmail.com,2025-11-05 22:13:35,564,pool-1172-thread-5
RiverEvans.p2570@yopmail.com,2025-11-05 22:14:13,569,pool-1172-thread-10
IndigoEvans.p2573@yopmail.com,2025-11-05 22:16:06,572,pool-1195-thread-3
RowanEvans.p2572@yopmail.com,2025-11-05 22:16:37,571,pool-1195-thread-2
EmberEvans.p2574@yopmail.com,2025-11-05 22:16:37,573,pool-1195-thread-4
PaxEvans.p2580@yopmail.com,2025-11-05 22:16:40,579,pool-1195-thread-10
KaiEvans.p2575@yopmail.com,2025-11-05 22:16:40,574,pool-1195-thread-5
AsterEvans.p2577@yopmail.com,2025-11-05 22:16:40,576,pool-1195-thread-7
LunaEvans.p2576@yopmail.com,2025-11-05 22:16:40,575,pool-1195-thread-6
ZaraEvans.p2588@yopmail.com,2025-11-05 22:20:34,587,pool-1216-thread-8
ZaraEvans.p2588@yopmail.com,2025-11-05 22:21:26,587,pool-1213-thread-8
AidenEvans.p2589@yopmail.com,2025-11-05 22:21:36,588,pool-1213-thread-9
QuinnEvans.p2581@yopmail.com,2025-11-05 22:21:37,580,pool-1213-thread-1
WrenEvans.p2585@yopmail.com,2025-11-05 22:21:37,584,pool-1213-thread-5
XaraEvans.p2586@yopmail.com,2025-11-05 22:21:39,585,pool-1213-thread-6
VesperEvans.p2584@yopmail.com,2025-11-05 22:21:47,583,pool-1213-thread-4
YaraEvans.p2587@yopmail.com,2025-11-05 22:21:58,586,pool-1213-thread-7
TatumEvans.p2583@yopmail.com,2025-11-05 22:21:59,582,pool-1213-thread-3
BlakeEvans.p2590@yopmail.com,2025-11-05 22:22:00,589,pool-1213-thread-10
DaneEvans.p2592@yopmail.com,2025-11-05 22:22:49,591,pool-1237-thread-2
CoraEvans.p2591@yopmail.com,2025-11-05 22:22:50,590,pool-1237-thread-1
HavenEvans.p2596@yopmail.com,2025-11-05 22:23:07,595,pool-1237-thread-6
MayaEvans.p2600@yopmail.com,2025-11-05 22:23:09,599,pool-1237-thread-10
LaneEvans.p2599@yopmail.com,2025-11-05 22:23:14,598,pool-1237-thread-9
JadeEvans.p2598@yopmail.com,2025-11-05 22:23:20,597,pool-1237-thread-8
GageEvans.p2595@yopmail.com,2025-11-05 22:23:23,594,pool-1237-thread-5
JadeEvans.p2598@yopmail.com,2025-11-05 22:25:35,597,pool-1234-thread-8
IrisEvans.p2597@yopmail.com,2025-11-05 22:25:53,596,pool-1234-thread-7
FinleyEvans.p2594@yopmail.com,2025-11-05 22:25:57,593,pool-1234-thread-4
GageEvans.p2595@yopmail.com,2025-11-05 22:25:57,594,pool-1234-thread-5
YarrowEvans.p2610@yopmail.com,2025-11-05 22:25:57,609,pool-1258-thread-10
ParkerEvans.p2602@yopmail.com,2025-11-05 22:26:00,601,pool-1258-thread-2
RainEvans.p2603@yopmail.com,2025-11-05 22:26:20,602,pool-1258-thread-3
UrielEvans.p2606@yopmail.com,2025-11-05 22:26:24,605,pool-1258-thread-6
ValeEvans.p2607@yopmail.com,2025-11-05 22:26:25,606,pool-1258-thread-7
ValeEvans.p2607@yopmail.com,2025-11-05 22:28:01,606,pool-1255-thread-7
OceanEvans.p2601@yopmail.com,2025-11-05 22:28:03,600,pool-1255-thread-1
RainEvans.p2603@yopmail.com,2025-11-05 22:28:05,602,pool-1255-thread-3
UrielEvans.p2606@yopmail.com,2025-11-05 22:28:12,605,pool-1255-thread-6
WillowEvans.p2608@yopmail.com,2025-11-05 22:28:16,607,pool-1255-thread-8
XantheEvans.p2609@yopmail.com,2025-11-05 22:28:17,608,pool-1255-thread-9
GemmaEvans.p2617@yopmail.com,2025-11-05 22:28:32,616,pool-1274-thread-7
BriarEvans.p2612@yopmail.com,2025-11-05 22:28:33,611,pool-1274-thread-2
AspenEvans.p2611@yopmail.com,2025-11-05 22:28:49,610,pool-1274-thread-1
JasperEvans.p2620@yopmail.com,2025-11-05 22:28:50,619,pool-1274-thread-10
HarrisonEvans.p2618@yopmail.com,2025-11-05 22:28:51,617,pool-1274-thread-8
FelixEvans.p2616@yopmail.com,2025-11-05 22:28:51,615,pool-1274-thread-6
DorianEvans.p2614@yopmail.com,2025-11-05 22:28:54,613,pool-1274-thread-4
IslaEvans.p2619@yopmail.com,2025-11-05 22:31:23,618,pool-1276-thread-9
CedarEvans.p2613@yopmail.com,2025-11-05 22:31:34,612,pool-1276-thread-3
JasperEvans.p2620@yopmail.com,2025-11-05 22:31:52,619,pool-1276-thread-10
AspenEvans.p2611@yopmail.com,2025-11-05 22:31:52,610,pool-1276-thread-1
HarrisonEvans.p2618@yopmail.com,2025-11-05 22:31:52,617,pool-1276-thread-8
DorianEvans.p2614@yopmail.com,2025-11-05 22:31:52,613,pool-1276-thread-4
ElaraEvans.p2615@yopmail.com,2025-11-05 22:31:53,614,pool-1276-thread-5
KiraEvans.p2621@yopmail.com,2025-11-05 22:32:47,620,pool-1295-thread-1
NolanEvans.p2624@yopmail.com,2025-11-05 22:32:48,623,pool-1295-thread-4
RavenEvans.p2627@yopmail.com,2025-11-05 22:33:18,626,pool-1295-thread-7
RavenEvans.p2627@yopmail.com,2025-11-05 22:34:51,626,pool-1297-thread-7
UmaEvans.p2630@yopmail.com,2025-11-05 22:34:59,629,pool-1297-thread-10
OpheliaEvans.p2625@yopmail.com,2025-11-05 22:35:13,624,pool-1297-thread-5
EllisEvans.p2640@yopmail.com,2025-11-05 22:36:30,639,pool-1316-thread-10
WestonEvans.p2632@yopmail.com,2025-11-05 22:36:38,631,pool-1316-thread-2
VioletEvans.p2631@yopmail.com,2025-11-05 22:36:38,630,pool-1316-thread-1
AveryEvans.p2636@yopmail.com,2025-11-05 22:37:01,635,pool-1316-thread-6
BennettEvans.p2637@yopmail.com,2025-11-05 22:37:04,636,pool-1316-thread-7
ZaneEvans.p2635@yopmail.com,2025-11-05 22:37:06,634,pool-1316-thread-5
DahliaEvans.p2639@yopmail.com,2025-11-05 22:37:08,638,pool-1316-thread-9
XimenaEvans.p2633@yopmail.com,2025-11-05 22:37:09,632,pool-1316-thread-3
EllisEvans.p2640@yopmail.com,2025-11-05 22:38:23,639,pool-1318-thread-10
AveryEvans.p2636@yopmail.com,2025-11-05 22:38:33,635,pool-1318-thread-6
BennettEvans.p2637@yopmail.com,2025-11-05 22:38:53,636,pool-1318-thread-7
DahliaEvans.p2639@yopmail.com,2025-11-05 22:38:58,638,pool-1318-thread-9
FletcherEvans.p2641@yopmail.com,2025-11-05 22:40:03,640,pool-1337-thread-1
LorelaiEvans.p2647@yopmail.com,2025-11-05 22:40:07,646,pool-1337-thread-7
HarlowEvans.p2643@yopmail.com,2025-11-05 22:40:08,642,pool-1337-thread-3
MillerEvans.p2648@yopmail.com,2025-11-05 22:40:08,647,pool-1337-thread-8
KellanEvans.p2646@yopmail.com,2025-11-05 22:40:09,645,pool-1337-thread-6
GarnetEvans.p2642@yopmail.com,2025-11-05 22:40:14,641,pool-1337-thread-2
NadiaEvans.p2649@yopmail.com,2025-11-05 22:40:15,648,pool-1337-thread-9
MillerEvans.p2648@yopmail.com,2025-11-05 22:41:24,647,pool-1339-thread-8
JadaEvans.p2645@yopmail.com,2025-11-05 22:42:13,644,pool-1339-thread-5
IkerEvans.p2644@yopmail.com,2025-11-05 22:42:48,643,pool-1339-thread-4
GarnetEvans.p2642@yopmail.com,2025-11-05 22:42:53,641,pool-1339-thread-2
KellanEvans.p2646@yopmail.com,2025-11-05 22:42:55,645,pool-1339-thread-6
NadiaEvans.p2649@yopmail.com,2025-11-05 22:42:55,648,pool-1339-thread-9
OakleyEvans.p2650@yopmail.com,2025-11-05 22:42:55,649,pool-1339-thread-10
BensonEvans.p2657@yopmail.com,2025-11-05 22:45:33,656,pool-1358-thread-7
EstelleEvans.p2660@yopmail.com,2025-11-05 22:46:04,659,pool-1358-thread-10
IndieEvans.p2664@yopmail.com,2025-11-05 22:50:00,663,pool-1379-thread-4
FlynnEvans.p2661@yopmail.com,2025-11-05 22:50:24,660,pool-1379-thread-1
MaliaEvans.p2668@yopmail.com,2025-11-05 22:50:53,667,pool-1379-thread-8
HendrixEvans.p2663@yopmail.com,2025-11-05 22:52:03,662,pool-1381-thread-3
NikolaiEvans.p2669@yopmail.com,2025-11-05 22:52:30,668,pool-1381-thread-9
AmayaEvans.p2679@yopmail.com,2025-11-05 22:53:23,678,pool-1400-thread-9
TianaEvans.p2672@yopmail.com,2025-11-05 22:53:32,671,pool-1400-thread-2
DesmondEvans.p2675@yopmail.com,2025-11-05 22:53:41,674,pool-1400-thread-5
HugoEvans.p2676@yopmail.com,2025-11-05 22:53:41,675,pool-1400-thread-6
CamilaEvans.p2677@yopmail.com,2025-11-05 22:53:41,676,pool-1400-thread-7
RonanEvans.p2678@yopmail.com,2025-11-05 22:53:49,677,pool-1400-thread-8
CohenEvans.p2680@yopmail.com,2025-11-05 22:53:50,679,pool-1400-thread-10
HugoEvans.p2676@yopmail.com,2025-11-05 22:54:38,675,pool-1402-thread-6
TianaEvans.p2672@yopmail.com,2025-11-05 22:55:00,671,pool-1402-thread-2
CamilaEvans.p2677@yopmail.com,2025-11-05 22:55:02,676,pool-1402-thread-7
LanceEvans.p2673@yopmail.com,2025-11-05 22:55:26,672,pool-1402-thread-3
SabrinaEvans.p2671@yopmail.com,2025-11-05 22:56:19,670,pool-1402-thread-1
AmayaEvans.p2679@yopmail.com,2025-11-05 22:56:43,678,pool-1402-thread-9
KellanEvans.p2688@yopmail.com,2025-11-05 22:58:15,687,pool-1421-thread-8
HarperEvans.p2685@yopmail.com,2025-11-05 22:58:43,684,pool-1421-thread-5
GretaEvans.p2684@yopmail.com,2025-11-05 22:59:28,683,pool-1423-thread-4
ElianaEvans.p2682@yopmail.com,2025-11-05 22:59:41,681,pool-1423-thread-2
FinleyEvans.p2683@yopmail.com,2025-11-05 22:59:41,682,pool-1423-thread-3
MillerEvans.p2690@yopmail.com,2025-11-05 22:59:43,689,pool-1423-thread-10
HarperEvans.p2685@yopmail.com,2025-11-05 22:59:58,684,pool-1423-thread-5
ThiagoEvans.p2697@yopmail.com,2025-11-05 23:02:50,696,pool-1444-thread-7
UmaEvans.p2698@yopmail.com,2025-11-05 23:02:54,697,pool-1444-thread-8
QuincyEvans.p2694@yopmail.com,2025-11-05 23:03:29,693,pool-1444-thread-4
PhoebeEvans.p2693@yopmail.com,2025-11-05 23:03:37,692,pool-1444-thread-3
ZaneEvans.p2703@yopmail.com,2025-11-05 23:04:03,702,pool-1463-thread-3
AidenEvans.p2704@yopmail.com,2025-11-05 23:04:11,703,pool-1463-thread-4
OrionFoster.p2709@yopmail.com,2025-11-05 23:04:22,708,pool-1463-thread-9
BlakeEvans.p2705@yopmail.com,2025-11-05 23:04:29,704,pool-1463-thread-5
JunoFoster.p2710@yopmail.com,2025-11-05 23:04:30,709,pool-1463-thread-10
PhoenixFoster.p2708@yopmail.com,2025-11-05 23:04:35,707,pool-1463-thread-8
OrionFoster.p2709@yopmail.com,2025-11-05 23:06:26,708,pool-1459-thread-9
ZaneEvans.p2703@yopmail.com,2025-11-05 23:06:40,702,pool-1459-thread-3
AtlasFoster.p2707@yopmail.com,2025-11-05 23:06:44,706,pool-1459-thread-7
EchoFoster.p2720@yopmail.com,2025-11-05 23:07:30,719,pool-1484-thread-10
IndigoFoster.p2714@yopmail.com,2025-11-05 23:07:30,713,pool-1484-thread-4
KaiFoster.p2716@yopmail.com,2025-11-05 23:08:02,715,pool-1484-thread-6
RiverFoster.p2711@yopmail.com,2025-11-05 23:08:12,710,pool-1484-thread-1
SageFoster.p2712@yopmail.com,2025-11-05 23:09:53,711,pool-1480-thread-2
IndigoFoster.p2714@yopmail.com,2025-11-05 23:09:57,713,pool-1480-thread-4
NovaFoster.p2719@yopmail.com,2025-11-05 23:10:06,718,pool-1480-thread-9
EchoFoster.p2720@yopmail.com,2025-11-05 23:10:11,719,pool-1480-thread-10
EmberFoster.p2715@yopmail.com,2025-11-05 23:10:14,714,pool-1480-thread-5
RiverFoster.p2711@yopmail.com,2025-11-05 23:10:19,710,pool-1480-thread-1
VesperFoster.p2725@yopmail.com,2025-11-05 23:11:08,724,pool-1505-thread-5
ZaraFoster.p2729@yopmail.com,2025-11-05 23:11:14,728,pool-1505-thread-9
ReeseFoster.p2723@yopmail.com,2025-11-05 23:11:21,722,pool-1505-thread-3
YaraFoster.p2728@yopmail.com,2025-11-05 23:11:32,727,pool-1505-thread-8
PaxFoster.p2721@yopmail.com,2025-11-05 23:12:11,720,pool-1505-thread-1
