Email,Timestamp

MeganAllen0113@yopmail.com,2025-10-31 04:42:39
AlexisWright0115@yopmail.com,2025-10-31 04:44:32
VictoriaScott0116@yopmail.com,2025-10-31 04:46:14
AlyssaTorres0117@yopmail.com,2025-10-31 04:47:53
KaylaNguyen0118@yopmail.com,2025-10-31 04:49:33
ElizabethHill0119@yopmail.com,2025-10-31 04:51:13
MadisonFlores0120@yopmail.com,2025-10-31 04:52:52
JohnSmith0121@yopmail.com,2025-10-31 04:54:33
MichaelJohnson0122@yopmail.com,2025-10-31 04:56:12
DavidWilliams0123@yopmail.com,2025-10-31 04:57:51
JamesBrown0124@yopmail.com,2025-10-31 04:59:31
RobertJones0125@yopmail.com,2025-10-31 05:01:10
WilliamGarcia0126@yopmail.com,2025-10-31 05:02:51
MatthewMiller0127@yopmail.com,2025-10-31 05:04:31
JustinRodriguez0129@yopmail.com,2025-10-31 05:08:11
AnthonyHernandez0131@yopmail.com,2025-10-31 05:11:51
TylerGonzalez0133@yopmail.com,2025-10-31 05:14:48
EricWilson0134@yopmail.com,2025-10-31 05:16:29
JasonAnderson0135@yopmail.com,2025-10-31 05:18:08
BrandonThomas0136@yopmail.com,2025-10-31 05:19:48
NathanTaylor0137@yopmail.com,2025-10-31 05:21:28
DanielMoore0138@yopmail.com,2025-10-31 05:23:08
JacobJackson0139@yopmail.com,2025-10-31 05:24:48
JonathanMartin0140@yopmail.com,2025-10-31 05:26:29
EmilyLee0141@yopmail.com,2025-10-31 05:28:09
SarahPerez0142@yopmail.com,2025-10-31 05:29:51
AshleyThompson0143@yopmail.com,2025-10-31 05:31:30
JessicaWhite0144@yopmail.com,2025-10-31 05:33:10
AmandaHarris0145@yopmail.com,2025-10-31 05:34:50
JenniferSanchez0146@yopmail.com,2025-10-31 05:36:35
LaurenClark0147@yopmail.com,2025-10-31 05:38:17
BrittanyRamirez0148@yopmail.com,2025-10-31 05:39:56
NicoleLewis0149@yopmail.com,2025-10-31 05:41:36
TaylorRobinson0150@yopmail.com,2025-10-31 05:43:21
HannahWalker0151@yopmail.com,2025-10-31 05:45:03
RachelYoung0152@yopmail.com,2025-10-31 05:46:44
MeganAllen0153@yopmail.com,2025-10-31 05:48:25
SamanthaKing0154@yopmail.com,2025-10-31 05:50:08
VictoriaScott0156@yopmail.com,2025-10-31 05:54:05
AlyssaTorres0157@yopmail.com,2025-10-31 05:55:50
KaylaNguyen0158@yopmail.com,2025-10-31 05:57:37
ElizabethHill0159@yopmail.com,2025-10-31 05:59:25
MadisonFlores0160@yopmail.com,2025-10-31 06:01:07
JohnSmith0161@yopmail.com,2025-10-31 06:02:51
MichaelJohnson0162@yopmail.com,2025-10-31 06:04:54
DavidWilliams0163@yopmail.com,2025-10-31 06:06:35
JamesBrown0164@yopmail.com,2025-10-31 06:08:18
RobertJones0165@yopmail.com,2025-10-31 06:10:03
WilliamGarcia0166@yopmail.com,2025-10-31 06:11:45
MatthewMiller0167@yopmail.com,2025-10-31 06:13:30
AndrewDavis0168@yopmail.com,2025-10-31 06:15:16
JustinRodriguez0169@yopmail.com,2025-10-31 06:16:57
KevinMartinez0170@yopmail.com,2025-10-31 06:18:42
AnthonyHernandez0171@yopmail.com,2025-10-31 06:20:27
RyanLopez0172@yopmail.com,2025-10-31 06:22:10
TylerGonzalez0173@yopmail.com,2025-10-31 06:23:52
EricWilson0174@yopmail.com,2025-10-31 06:25:40
JasonAnderson0175@yopmail.com,2025-10-31 06:27:24
BrandonThomas0176@yopmail.com,2025-10-31 06:29:06
DanielMoore0178@yopmail.com,2025-10-31 06:32:08
JacobJackson0179@yopmail.com,2025-10-31 06:33:53
JonathanMartin0180@yopmail.com,2025-10-31 06:35:34
EmilyLee0181@yopmail.com,2025-10-31 06:37:14
SarahPerez0182@yopmail.com,2025-10-31 06:38:55
AshleyThompson0183@yopmail.com,2025-10-31 06:40:36
JessicaWhite0184@yopmail.com,2025-10-31 06:42:16
AmandaHarris0185@yopmail.com,2025-10-31 06:43:58
JenniferSanchez0186@yopmail.com,2025-10-31 06:45:41
BrittanyRamirez0188@yopmail.com,2025-10-31 06:47:40
NicoleLewis0189@yopmail.com,2025-10-31 06:49:22
TaylorRobinson0190@yopmail.com,2025-10-31 06:51:01
HannahWalker0191@yopmail.com,2025-10-31 06:52:41
RachelYoung0192@yopmail.com,2025-10-31 06:54:21
MeganAllen0193@yopmail.com,2025-10-31 06:56:02
SamanthaKing0194@yopmail.com,2025-10-31 06:57:42
AlexisWright0195@yopmail.com,2025-10-31 06:59:22
VictoriaScott0196@yopmail.com,2025-10-31 07:01:03
AlyssaTorres0197@yopmail.com,2025-10-31 07:02:43
KaylaNguyen0198@yopmail.com,2025-10-31 07:04:26
ElizabethHill0199@yopmail.com,2025-10-31 07:06:10
MadisonFlores0200@yopmail.com,2025-10-31 07:07:50
JohnSmith0201@yopmail.com,2025-10-31 07:09:30
MichaelJohnson0202@yopmail.com,2025-10-31 07:11:10
DavidWilliams0203@yopmail.com,2025-10-31 07:12:50
JamesBrown0204@yopmail.com,2025-10-31 07:14:32
RobertJones0205@yopmail.com,2025-10-31 07:16:12
WilliamGarcia0206@yopmail.com,2025-10-31 07:17:52
MatthewMiller0207@yopmail.com,2025-10-31 07:19:32
AndrewDavis0208@yopmail.com,2025-10-31 07:21:15
JustinRodriguez0209@yopmail.com,2025-10-31 07:32:19
KevinMartinez0210@yopmail.com,2025-10-31 07:33:59
RyanLopez0212@yopmail.com,2025-10-31 07:38:46
TylerGonzalez0213@yopmail.com,2025-10-31 07:40:26
EricWilson0214@yopmail.com,2025-10-31 07:42:06
JasonAnderson0215@yopmail.com,2025-10-31 07:43:47
BrandonThomas0216@yopmail.com,2025-10-31 07:45:27
JacobJackson0219@yopmail.com,2025-10-31 07:49:42
JonathanMartin0220@yopmail.com,2025-10-31 07:51:23
EmilyLee0221@yopmail.com,2025-10-31 07:55:14
SarahPerez0222@yopmail.com,2025-10-31 07:56:14
AshleyThompson0223@yopmail.com,2025-10-31 07:57:13
JessicaWhite0224@yopmail.com,2025-10-31 07:58:12
AmandaHarris0225@yopmail.com,2025-10-31 07:59:11
JenniferSanchez0226@yopmail.com,2025-10-31 08:00:11
LaurenClark0227@yopmail.com,2025-10-31 08:01:09
BrittanyRamirez0228@yopmail.com,2025-10-31 08:02:08
NicoleLewis0229@yopmail.com,2025-10-31 08:03:08
TaylorRobinson0230@yopmail.com,2025-10-31 08:04:08
HannahWalker0231@yopmail.com,2025-10-31 08:05:07
RachelYoung0232@yopmail.com,2025-10-31 08:06:07
MeganAllen0233@yopmail.com,2025-10-31 08:07:05
SamanthaKing0234@yopmail.com,2025-10-31 08:08:05
AlexisWright0235@yopmail.com,2025-10-31 08:09:04
VictoriaScott0236@yopmail.com,2025-10-31 08:10:04
AlyssaTorres0237@yopmail.com,2025-10-31 08:11:03
KaylaNguyen0238@yopmail.com,2025-10-31 08:12:03
ElizabethHill0239@yopmail.com,2025-10-31 08:13:05
MadisonFlores0240@yopmail.com,2025-10-31 08:14:05
JohnSmith0241@yopmail.com,2025-10-31 08:15:08
MichaelJohnson0242@yopmail.com,2025-10-31 08:16:09
DavidWilliams0243@yopmail.com,2025-10-31 08:17:10
JamesBrown0244@yopmail.com,2025-10-31 08:18:12
RobertJones0245@yopmail.com,2025-10-31 08:19:34
WilliamGarcia0246@yopmail.com,2025-10-31 08:20:44
MatthewMiller0247@yopmail.com,2025-10-31 08:21:49
AndrewDavis0248@yopmail.com,2025-10-31 08:22:49
JustinRodriguez0249@yopmail.com,2025-10-31 08:23:51
KevinMartinez0250@yopmail.com,2025-10-31 08:24:53
AnthonyHernandez0251@yopmail.com,2025-10-31 08:25:58
RyanLopez0252@yopmail.com,2025-10-31 08:27:01
TylerGonzalez0253@yopmail.com,2025-10-31 08:28:07
EricWilson0254@yopmail.com,2025-10-31 08:29:14
JasonAnderson0255@yopmail.com,2025-10-31 08:30:17
BrandonThomas0256@yopmail.com,2025-10-31 08:31:17
NathanTaylor0257@yopmail.com,2025-10-31 08:32:18
DanielMoore0258@yopmail.com,2025-10-31 08:33:22
JacobJackson0259@yopmail.com,2025-10-31 08:34:26
JonathanMartin0260@yopmail.com,2025-10-31 08:35:32
EmilyLee0261@yopmail.com,2025-10-31 08:36:37
SarahPerez0262@yopmail.com,2025-10-31 08:37:44
AshleyThompson0263@yopmail.com,2025-10-31 08:38:51
JessicaWhite0264@yopmail.com,2025-10-31 08:39:55
AmandaHarris0265@yopmail.com,2025-10-31 08:40:57
JenniferSanchez0266@yopmail.com,2025-10-31 08:42:00
LaurenClark0267@yopmail.com,2025-10-31 08:43:07
BrittanyRamirez0268@yopmail.com,2025-10-31 08:44:05
NicoleLewis0269@yopmail.com,2025-10-31 08:45:04
TaylorRobinson0270@yopmail.com,2025-10-31 08:46:03
HannahWalker0271@yopmail.com,2025-10-31 08:47:01
RachelYoung0272@yopmail.com,2025-10-31 08:48:01
MeganAllen0273@yopmail.com,2025-10-31 08:49:01
SamanthaKing0274@yopmail.com,2025-10-31 08:50:01
AlexisWright0275@yopmail.com,2025-10-31 08:51:00
VictoriaScott0276@yopmail.com,2025-10-31 08:52:01
AlyssaTorres0277@yopmail.com,2025-10-31 08:53:02
KaylaNguyen0278@yopmail.com,2025-10-31 08:54:01
ElizabethHill0279@yopmail.com,2025-10-31 08:55:00
MadisonFlores0280@yopmail.com,2025-10-31 08:55:59
JohnSmith0281@yopmail.com,2025-10-31 08:56:59
MichaelJohnson0282@yopmail.com,2025-10-31 08:57:58
DavidWilliams0283@yopmail.com,2025-10-31 08:58:57
JamesBrown0284@yopmail.com,2025-10-31 08:59:58
RobertJones0285@yopmail.com,2025-10-31 09:00:58
WilliamGarcia0286@yopmail.com,2025-10-31 09:01:58
MatthewMiller0287@yopmail.com,2025-10-31 09:02:59
AndrewDavis0288@yopmail.com,2025-10-31 09:03:59
JustinRodriguez0289@yopmail.com,2025-10-31 09:04:59
KevinMartinez0290@yopmail.com,2025-10-31 09:05:59
AnthonyHernandez0291@yopmail.com,2025-10-31 09:07:00
RyanLopez0292@yopmail.com,2025-10-31 09:07:59
TylerGonzalez0293@yopmail.com,2025-10-31 09:08:59
EricWilson0294@yopmail.com,2025-10-31 09:09:59
JasonAnderson0295@yopmail.com,2025-10-31 09:11:00
BrandonThomas0296@yopmail.com,2025-10-31 09:11:59
NathanTaylor0297@yopmail.com,2025-10-31 09:12:59
DanielMoore0298@yopmail.com,2025-10-31 09:13:58
JacobJackson0299@yopmail.com,2025-10-31 09:14:57
JonathanMartin0300@yopmail.com,2025-10-31 09:15:57
EmilyLee0301@yopmail.com,2025-10-31 09:16:58
SarahPerez0302@yopmail.com,2025-10-31 09:17:58
AshleyThompson0303@yopmail.com,2025-10-31 09:18:58
AmandaHarris0305@yopmail.com,2025-10-31 09:21:17
JenniferSanchez0306@yopmail.com,2025-10-31 09:22:19
LaurenClark0307@yopmail.com,2025-10-31 09:23:22
BrittanyRamirez0308@yopmail.com,2025-10-31 09:24:23
NicoleLewis0309@yopmail.com,2025-10-31 09:25:25
TaylorRobinson0310@yopmail.com,2025-10-31 09:26:25
HannahWalker0311@yopmail.com,2025-10-31 09:27:26
RachelYoung0312@yopmail.com,2025-10-31 09:28:28
MeganAllen0313@yopmail.com,2025-10-31 09:29:29
SamanthaKing0314@yopmail.com,2025-10-31 09:30:31
AlexisWright0315@yopmail.com,2025-10-31 09:31:30
VictoriaScott0316@yopmail.com,2025-10-31 09:32:29
AlyssaTorres0317@yopmail.com,2025-10-31 09:33:28
KaylaNguyen0318@yopmail.com,2025-10-31 09:34:27
ElizabethHill0319@yopmail.com,2025-10-31 09:35:26
MadisonFlores0320@yopmail.com,2025-10-31 09:36:25
JohnSmith0321@yopmail.com,2025-10-31 09:37:25
MichaelJohnson0322@yopmail.com,2025-10-31 09:38:24
DavidWilliams0323@yopmail.com,2025-10-31 09:39:23
JamesBrown0324@yopmail.com,2025-10-31 09:40:23
RobertJones0325@yopmail.com,2025-10-31 09:41:23
WilliamGarcia0326@yopmail.com,2025-10-31 09:42:22
MatthewMiller0327@yopmail.com,2025-10-31 09:43:22
AndrewDavis0328@yopmail.com,2025-10-31 09:44:21
JustinRodriguez0329@yopmail.com,2025-10-31 09:45:20
KevinMartinez0330@yopmail.com,2025-10-31 09:46:19
AnthonyHernandez0331@yopmail.com,2025-10-31 09:47:19
RyanLopez0332@yopmail.com,2025-10-31 09:48:19
TylerGonzalez0333@yopmail.com,2025-10-31 09:49:18
EricWilson0334@yopmail.com,2025-10-31 09:50:19
JasonAnderson0335@yopmail.com,2025-10-31 09:51:18
BrandonThomas0336@yopmail.com,2025-10-31 09:52:17
NathanTaylor0337@yopmail.com,2025-10-31 09:53:16
DanielMoore0338@yopmail.com,2025-10-31 09:54:17
JacobJackson0339@yopmail.com,2025-10-31 09:55:17
JonathanMartin0340@yopmail.com,2025-10-31 09:56:16
EmilyLee0341@yopmail.com,2025-10-31 09:57:15
SarahPerez0342@yopmail.com,2025-10-31 09:58:15
AshleyThompson0343@yopmail.com,2025-10-31 09:59:15
JessicaWhite0344@yopmail.com,2025-10-31 10:00:14
AmandaHarris0345@yopmail.com,2025-10-31 10:01:14
JenniferSanchez0346@yopmail.com,2025-10-31 10:02:13
LaurenClark0347@yopmail.com,2025-10-31 10:03:13
BrittanyRamirez0348@yopmail.com,2025-10-31 10:04:12
NicoleLewis0349@yopmail.com,2025-10-31 10:05:12
TaylorRobinson0350@yopmail.com,2025-10-31 10:06:11
HannahWalker0351@yopmail.com,2025-10-31 10:07:10
RachelYoung0352@yopmail.com,2025-10-31 10:08:09
MeganAllen0353@yopmail.com,2025-10-31 10:09:09
SamanthaKing0354@yopmail.com,2025-10-31 10:10:08
AlexisWright0355@yopmail.com,2025-10-31 10:11:08
VictoriaScott0356@yopmail.com,2025-10-31 10:12:07
AlyssaTorres0357@yopmail.com,2025-10-31 10:13:06
KaylaNguyen0358@yopmail.com,2025-10-31 10:14:06
ElizabethHill0359@yopmail.com,2025-10-31 10:15:05
MadisonFlores0360@yopmail.com,2025-10-31 10:16:04
JohnSmith0361@yopmail.com,2025-10-31 10:17:04
MichaelJohnson0362@yopmail.com,2025-10-31 10:18:03
DavidWilliams0363@yopmail.com,2025-10-31 10:19:03
JamesBrown0364@yopmail.com,2025-10-31 10:20:02
RobertJones0365@yopmail.com,2025-10-31 10:21:01
WilliamGarcia0366@yopmail.com,2025-10-31 10:22:00
MatthewMiller0367@yopmail.com,2025-10-31 10:23:01
AndrewDavis0368@yopmail.com,2025-10-31 10:24:04
JustinRodriguez0369@yopmail.com,2025-10-31 10:25:06
KevinMartinez0370@yopmail.com,2025-10-31 10:26:14
AnthonyHernandez0371@yopmail.com,2025-10-31 10:27:24
RyanLopez0372@yopmail.com,2025-10-31 10:28:29
TylerGonzalez0373@yopmail.com,2025-10-31 10:29:30
EricWilson0374@yopmail.com,2025-10-31 10:30:30
JasonAnderson0375@yopmail.com,2025-10-31 10:31:30
BrandonThomas0376@yopmail.com,2025-10-31 10:32:30
NathanTaylor0377@yopmail.com,2025-10-31 10:33:31
DanielMoore0378@yopmail.com,2025-10-31 10:34:32
JonathanMartin0380@yopmail.com,2025-11-02 08:48:01
EmilyLee0381@yopmail.com,2025-11-02 08:49:00
SarahPerez0382@yopmail.com,2025-11-02 08:49:58
AshleyThompson0383@yopmail.com,2025-11-02 08:50:57
JessicaWhite0384@yopmail.com,2025-11-02 08:51:55
AmandaHarris0385@yopmail.com,2025-11-02 08:52:54
JenniferSanchez0386@yopmail.com,2025-11-02 08:53:52
LaurenClark0387@yopmail.com,2025-11-02 08:54:50
BrittanyRamirez0388@yopmail.com,2025-11-02 08:55:48
NicoleLewis0389@yopmail.com,2025-11-02 08:56:46
TaylorRobinson0390@yopmail.com,2025-11-02 08:57:44
HannahWalker0391@yopmail.com,2025-11-02 08:58:42
RachelYoung0392@yopmail.com,2025-11-02 08:59:40
MeganAllen0393@yopmail.com,2025-11-02 09:00:38
SamanthaKing0394@yopmail.com,2025-11-02 09:01:37
AlexisWright0395@yopmail.com,2025-11-02 09:02:34
VictoriaScott0396@yopmail.com,2025-11-02 09:03:33
AlyssaTorres0397@yopmail.com,2025-11-02 09:04:31
KaylaNguyen0398@yopmail.com,2025-11-02 09:05:29
ElizabethHill0399@yopmail.com,2025-11-02 09:06:27
MadisonFlores0400@yopmail.com,2025-11-02 09:07:26
JohnSmith0401@yopmail.com,2025-11-02 09:08:24
MichaelJohnson0402@yopmail.com,2025-11-02 09:09:22
DavidWilliams0403@yopmail.com,2025-11-02 09:10:20
JamesBrown0404@yopmail.com,2025-11-02 09:11:18
RobertJones0405@yopmail.com,2025-11-02 09:12:16
WilliamGarcia0406@yopmail.com,2025-11-02 09:13:14
MatthewMiller0407@yopmail.com,2025-11-02 09:14:12
AndrewDavis0408@yopmail.com,2025-11-02 09:15:10
JustinRodriguez0409@yopmail.com,2025-11-02 09:16:08
KevinMartinez0410@yopmail.com,2025-11-02 09:17:06
AnthonyHernandez0411@yopmail.com,2025-11-02 09:18:05
RyanLopez0412@yopmail.com,2025-11-02 09:19:03
TylerGonzalez0413@yopmail.com,2025-11-02 09:20:01
EricWilson0414@yopmail.com,2025-11-02 09:20:59
JasonAnderson0415@yopmail.com,2025-11-02 09:21:57
BrandonThomas0416@yopmail.com,2025-11-02 09:22:56
NathanTaylor0417@yopmail.com,2025-11-02 09:23:54
DanielMoore0418@yopmail.com,2025-11-02 09:24:52
JacobJackson0419@yopmail.com,2025-11-02 09:25:50
JonathanMartin0420@yopmail.com,2025-11-02 09:26:48
EmilyLee0421@yopmail.com,2025-11-02 09:27:46
SarahPerez0422@yopmail.com,2025-11-02 09:28:44
AshleyThompson0423@yopmail.com,2025-11-02 09:29:42
JessicaWhite0424@yopmail.com,2025-11-02 09:30:40
AmandaHarris0425@yopmail.com,2025-11-02 09:31:42
JenniferSanchez0426@yopmail.com,2025-11-02 09:32:40
LaurenClark0427@yopmail.com,2025-11-02 09:33:38
BrittanyRamirez0428@yopmail.com,2025-11-02 09:34:36
NicoleLewis0429@yopmail.com,2025-11-02 09:35:34
TaylorRobinson0430@yopmail.com,2025-11-02 09:36:32
HannahWalker0431@yopmail.com,2025-11-02 09:37:30
RachelYoung0432@yopmail.com,2025-11-02 09:38:28
MeganAllen0433@yopmail.com,2025-11-02 09:39:27
SamanthaKing0434@yopmail.com,2025-11-02 09:40:25
AlexisWright0435@yopmail.com,2025-11-02 09:41:23
VictoriaScott0436@yopmail.com,2025-11-02 09:42:21
AlyssaTorres0437@yopmail.com,2025-11-02 09:43:19
KaylaNguyen0438@yopmail.com,2025-11-02 09:44:17
ElizabethHill0439@yopmail.com,2025-11-02 09:45:15
MadisonFlores0440@yopmail.com,2025-11-02 09:46:13
JohnSmith0441@yopmail.com,2025-11-02 09:47:11
MichaelJohnson0442@yopmail.com,2025-11-02 09:48:10
DavidWilliams0443@yopmail.com,2025-11-02 09:49:08
JamesBrown0444@yopmail.com,2025-11-02 09:50:06
RobertJones0445@yopmail.com,2025-11-02 09:51:04
WilliamGarcia0446@yopmail.com,2025-11-02 09:52:02
MatthewMiller0447@yopmail.com,2025-11-02 09:53:00
AndrewDavis0448@yopmail.com,2025-11-02 09:53:58
JustinRodriguez0449@yopmail.com,2025-11-02 09:54:57
KevinMartinez0450@yopmail.com,2025-11-02 09:55:55
AnthonyHernandez0451@yopmail.com,2025-11-02 09:56:53
RyanLopez0452@yopmail.com,2025-11-02 09:57:52
TylerGonzalez0453@yopmail.com,2025-11-02 09:58:50
EricWilson0454@yopmail.com,2025-11-02 09:59:48
JasonAnderson0455@yopmail.com,2025-11-02 10:00:46
BrandonThomas0456@yopmail.com,2025-11-02 10:01:44
NathanTaylor0457@yopmail.com,2025-11-02 10:02:42
DanielMoore0458@yopmail.com,2025-11-02 10:03:40
JacobJackson0459@yopmail.com,2025-11-02 10:04:39
JonathanMartin0460@yopmail.com,2025-11-02 10:05:37
EmilyLee0461@yopmail.com,2025-11-02 10:06:35
SarahPerez0462@yopmail.com,2025-11-02 10:07:34
AshleyThompson0463@yopmail.com,2025-11-02 10:08:32
JessicaWhite0464@yopmail.com,2025-11-02 10:09:31
AmandaHarris0465@yopmail.com,2025-11-02 10:10:29
JenniferSanchez0466@yopmail.com,2025-11-02 10:11:28
LaurenClark0467@yopmail.com,2025-11-02 10:12:26
BrittanyRamirez0468@yopmail.com,2025-11-02 10:13:24
NicoleLewis0469@yopmail.com,2025-11-02 10:14:22
TaylorRobinson0470@yopmail.com,2025-11-02 10:15:21
HannahWalker0471@yopmail.com,2025-11-02 10:16:19
RachelYoung0472@yopmail.com,2025-11-02 10:17:18
MeganAllen0473@yopmail.com,2025-11-02 10:18:16
SamanthaKing0474@yopmail.com,2025-11-02 10:19:14
AlexisWright0475@yopmail.com,2025-11-02 10:20:12
VictoriaScott0476@yopmail.com,2025-11-02 10:21:10
AlyssaTorres0477@yopmail.com,2025-11-02 10:22:09
KaylaNguyen0478@yopmail.com,2025-11-02 10:23:07
ElizabethHill0479@yopmail.com,2025-11-02 10:24:35
MadisonFlores0480@yopmail.com,2025-11-02 10:25:34
JohnSmith0481@yopmail.com,2025-11-02 10:26:33
MichaelJohnson0482@yopmail.com,2025-11-02 10:27:31
DavidWilliams.ad0483@yopmail.com,2025-11-02 12:36:35
JamesBrown.ad0484@yopmail.com,2025-11-02 12:37:37
RobertJones.ad0485@yopmail.com,2025-11-02 12:38:38
WilliamGarcia.ad0486@yopmail.com,2025-11-02 12:39:40
MatthewMiller.ad0487@yopmail.com,2025-11-02 12:40:41
AndrewDavis.ad0488@yopmail.com,2025-11-02 12:41:42
JustinRodriguez.ad0489@yopmail.com,2025-11-02 12:42:44
KevinMartinez.ad0490@yopmail.com,2025-11-02 12:43:46
AnthonyHernandez.ad0491@yopmail.com,2025-11-02 12:44:47
RyanLopez.ad0492@yopmail.com,2025-11-02 12:45:50
TylerGonzalez.ad0493@yopmail.com,2025-11-02 12:46:51
EricWilson.ad0494@yopmail.com,2025-11-02 12:47:53
JasonAnderson.ad0495@yopmail.com,2025-11-02 12:48:54
BrandonThomas.ad0496@yopmail.com,2025-11-02 12:49:54
NathanTaylor.ad0497@yopmail.com,2025-11-02 12:50:56
DanielMoore.ad0498@yopmail.com,2025-11-02 12:51:58
JacobJackson.ad0499@yopmail.com,2025-11-02 12:53:00
JonathanMartin.ad0500@yopmail.com,2025-11-02 12:54:01
EmilyLee.ad0501@yopmail.com,2025-11-02 12:55:02
SarahPerez.ad0502@yopmail.com,2025-11-02 12:56:03
AshleyThompson.ad0503@yopmail.com,2025-11-02 12:57:04
JessicaWhite.ad0504@yopmail.com,2025-11-02 12:58:05
AmandaHarris.ad0505@yopmail.com,2025-11-02 12:59:05
JenniferSanchez.ad0506@yopmail.com,2025-11-02 13:00:06
LaurenClark.ad0507@yopmail.com,2025-11-02 13:01:07
BrittanyRamirez.ad0508@yopmail.com,2025-11-02 13:02:08
NicoleLewis.ad0509@yopmail.com,2025-11-02 13:03:09
TaylorRobinson.ad0510@yopmail.com,2025-11-02 13:04:14
HannahWalker.ad0511@yopmail.com,2025-11-02 13:05:15
RachelYoung.ad0512@yopmail.com,2025-11-02 13:06:18
MeganAllen.ad0513@yopmail.com,2025-11-02 13:07:20
SamanthaKing.ad0514@yopmail.com,2025-11-02 13:08:22
AlexisWright.ad0515@yopmail.com,2025-11-02 13:09:23
VictoriaScott.ad0516@yopmail.com,2025-11-02 13:10:25
AlyssaTorres.ad0517@yopmail.com,2025-11-02 13:11:26
KaylaNguyen.ad0518@yopmail.com,2025-11-02 13:12:28
ElizabethHill.ad0519@yopmail.com,2025-11-02 13:13:29
MadisonFlores.ad0520@yopmail.com,2025-11-02 13:14:31
JohnSmith.ad0521@yopmail.com,2025-11-02 13:15:33
MichaelJohnson.ad0522@yopmail.com,2025-11-02 13:16:34
DavidWilliams.ad0523@yopmail.com,2025-11-02 13:17:36
JamesBrown.ad0524@yopmail.com,2025-11-02 13:18:38
RobertJones.ad0525@yopmail.com,2025-11-02 13:19:39
WilliamGarcia.ad0526@yopmail.com,2025-11-02 13:20:40
MatthewMiller.ad0527@yopmail.com,2025-11-02 13:21:41
AndrewDavis.ad0528@yopmail.com,2025-11-02 13:22:40
JustinRodriguez.ad0529@yopmail.com,2025-11-02 13:23:38
KevinMartinez.ad0530@yopmail.com,2025-11-02 13:24:36
AnthonyHernandez.ad0531@yopmail.com,2025-11-02 13:25:34
RyanLopez.ad0532@yopmail.com,2025-11-02 13:26:32
TylerGonzalez.ad0533@yopmail.com,2025-11-02 13:27:30
EricWilson.ad0534@yopmail.com,2025-11-02 13:28:28
JasonAnderson.ad0535@yopmail.com,2025-11-02 13:29:26
BrandonThomas.ad0536@yopmail.com,2025-11-02 13:30:24
NathanTaylor.ad0537@yopmail.com,2025-11-02 13:31:22
DanielMoore.ad0538@yopmail.com,2025-11-02 13:32:20
JacobJackson.ad0539@yopmail.com,2025-11-02 13:33:18
JonathanMartin.ad0540@yopmail.com,2025-11-02 13:34:17
EmilyLee.ad0541@yopmail.com,2025-11-02 13:35:15
SarahPerez.ad0542@yopmail.com,2025-11-02 13:36:13
AshleyThompson.ad0543@yopmail.com,2025-11-02 13:37:11
JessicaWhite.ad0544@yopmail.com,2025-11-02 13:38:09
AmandaHarris.ad0545@yopmail.com,2025-11-02 13:39:07
JenniferSanchez.ad0546@yopmail.com,2025-11-02 13:40:05
LaurenClark.ad0547@yopmail.com,2025-11-02 13:41:03
BrittanyRamirez.ad0548@yopmail.com,2025-11-02 13:42:01
NicoleLewis.ad0549@yopmail.com,2025-11-02 13:42:59
TaylorRobinson.ad0550@yopmail.com,2025-11-02 13:43:57
HannahWalker.ad0551@yopmail.com,2025-11-02 13:44:57
RachelYoung.ad0552@yopmail.com,2025-11-02 13:45:55
MeganAllen.ad0553@yopmail.com,2025-11-02 13:46:54
SamanthaKing.ad0554@yopmail.com,2025-11-02 13:48:02
AlexisWright.ad0555@yopmail.com,2025-11-02 13:49:00
VictoriaScott.ad0556@yopmail.com,2025-11-02 13:49:59
AlyssaTorres.ad0557@yopmail.com,2025-11-02 13:50:57
KaylaNguyen.ad0558@yopmail.com,2025-11-02 13:51:55
ElizabethHill.ad0559@yopmail.com,2025-11-02 13:52:53
MadisonFlores.ad0560@yopmail.com,2025-11-02 13:53:51
JohnSmith.ad0561@yopmail.com,2025-11-02 13:54:49
MichaelJohnson.ad0562@yopmail.com,2025-11-02 13:55:47
DavidWilliams.ad0563@yopmail.com,2025-11-02 13:56:45
JamesBrown.ad0564@yopmail.com,2025-11-02 13:57:43
RobertJones.ad0565@yopmail.com,2025-11-02 13:58:41
WilliamGarcia.ad0566@yopmail.com,2025-11-02 13:59:39
MatthewMiller.ad0567@yopmail.com,2025-11-02 14:00:37
AndrewDavis.ad0568@yopmail.com,2025-11-02 14:01:35
JustinRodriguez.ad0569@yopmail.com,2025-11-02 14:02:33
KevinMartinez.ad0570@yopmail.com,2025-11-02 14:03:31
AnthonyHernandez.ad0571@yopmail.com,2025-11-02 14:04:28
RyanLopez.ad0572@yopmail.com,2025-11-02 14:05:26
TylerGonzalez.ad0573@yopmail.com,2025-11-02 14:06:24
EricWilson.ad0574@yopmail.com,2025-11-02 14:07:22
JasonAnderson.ad0575@yopmail.com,2025-11-02 14:08:20
BrandonThomas.ad0576@yopmail.com,2025-11-02 14:09:18
NathanTaylor.ad0577@yopmail.com,2025-11-02 14:10:16
DanielMoore.ad0578@yopmail.com,2025-11-02 14:11:14
JacobJackson.ad0579@yopmail.com,2025-11-02 14:12:12
JonathanMartin.ad0580@yopmail.com,2025-11-02 14:13:10
EmilyLee.ad0581@yopmail.com,2025-11-02 14:14:08
SarahPerez.ad0582@yopmail.com,2025-11-02 14:15:06
AshleyThompson.ad0583@yopmail.com,2025-11-02 14:16:04
JessicaWhite.ad0584@yopmail.com,2025-11-02 14:17:02
JenniferSanchez.ad0586@yopmail.com,2025-11-02 14:19:58
LaurenClark.ad0587@yopmail.com,2025-11-02 14:20:57
BrittanyRamirez.ad0588@yopmail.com,2025-11-02 14:21:55
NicoleLewis.ad0589@yopmail.com,2025-11-02 14:22:53
TaylorRobinson.ad0590@yopmail.com,2025-11-02 14:23:51
HannahWalker.ad0591@yopmail.com,2025-11-02 14:24:49
RachelYoung.ad0592@yopmail.com,2025-11-02 14:25:47
MeganAllen.ad0593@yopmail.com,2025-11-02 14:26:45
SamanthaKing.ad0594@yopmail.com,2025-11-02 14:27:43
AlexisWright.ad0595@yopmail.com,2025-11-02 14:28:41
VictoriaScott.ad0596@yopmail.com,2025-11-02 14:29:39
AlyssaTorres.ad0597@yopmail.com,2025-11-02 14:30:37
KaylaNguyen.ad0598@yopmail.com,2025-11-02 14:31:36
ElizabethHill.ad0599@yopmail.com,2025-11-02 14:32:34
MadisonFlores.ad0600@yopmail.com,2025-11-02 14:33:32
JohnSmith.ad0601@yopmail.com,2025-11-02 14:34:30
MichaelJohnson.ad0602@yopmail.com,2025-11-02 14:35:28
DavidWilliams.ad0603@yopmail.com,2025-11-02 14:36:27
JamesBrown.ad0604@yopmail.com,2025-11-02 14:37:24
RobertJones.ad0605@yopmail.com,2025-11-02 14:38:23
WilliamGarcia.ad0606@yopmail.com,2025-11-02 14:39:21
MatthewMiller.ad0607@yopmail.com,2025-11-02 14:40:20
AndrewDavis.ad0608@yopmail.com,2025-11-02 14:41:18
JustinRodriguez.ad0609@yopmail.com,2025-11-02 14:42:16
KevinMartinez.ad0610@yopmail.com,2025-11-02 14:43:14
AnthonyHernandez.ad0611@yopmail.com,2025-11-02 14:44:12
RyanLopez.ad0612@yopmail.com,2025-11-02 14:45:10
TylerGonzalez.ad0613@yopmail.com,2025-11-02 14:46:09
EricWilson.ad0614@yopmail.com,2025-11-02 14:47:07
JasonAnderson.ad0615@yopmail.com,2025-11-02 14:48:05
BrandonThomas.ad0616@yopmail.com,2025-11-02 14:49:03
NathanTaylor.ad0617@yopmail.com,2025-11-02 14:50:01
DanielMoore.ad0618@yopmail.com,2025-11-02 14:50:59
JacobJackson.ad0619@yopmail.com,2025-11-02 14:51:57
JonathanMartin.ad0620@yopmail.com,2025-11-02 14:52:55
EmilyLee.ad0621@yopmail.com,2025-11-02 14:53:53
SarahPerez.ad0622@yopmail.com,2025-11-02 14:54:51
AshleyThompson.ad0623@yopmail.com,2025-11-02 14:55:49
JessicaWhite.ad0624@yopmail.com,2025-11-02 14:56:48
AmandaHarris.ad0625@yopmail.com,2025-11-02 14:57:46
JenniferSanchez.ad0626@yopmail.com,2025-11-02 14:58:44
LaurenClark.ad0627@yopmail.com,2025-11-02 14:59:42
BrittanyRamirez.ad0628@yopmail.com,2025-11-02 15:00:40
NicoleLewis.ad0629@yopmail.com,2025-11-02 15:01:38
TaylorRobinson.ad0630@yopmail.com,2025-11-02 15:02:37
HannahWalker.ad0631@yopmail.com,2025-11-02 15:03:35
RachelYoung.ad0632@yopmail.com,2025-11-02 15:04:33
MeganAllen.ad0633@yopmail.com,2025-11-02 15:05:31
SamanthaKing.ad0634@yopmail.com,2025-11-02 15:06:29
AlexisWright.ad0635@yopmail.com,2025-11-02 15:07:27
VictoriaScott.ad0636@yopmail.com,2025-11-02 15:08:25
AlyssaTorres.ad0637@yopmail.com,2025-11-02 15:09:23
KaylaNguyen.ad0638@yopmail.com,2025-11-02 15:10:21
ElizabethHill.ad0639@yopmail.com,2025-11-02 15:11:19
MadisonFlores.ad0640@yopmail.com,2025-11-02 15:12:17
JohnSmith.ad0641@yopmail.com,2025-11-02 15:13:16
MichaelJohnson.ad0642@yopmail.com,2025-11-02 15:14:14
DavidWilliams.ad0643@yopmail.com,2025-11-02 15:15:11
JamesBrown.ad0644@yopmail.com,2025-11-02 15:16:09
RobertJones.ad0645@yopmail.com,2025-11-02 15:17:07
WilliamGarcia.ad0646@yopmail.com,2025-11-02 15:18:05
MatthewMiller.ad0647@yopmail.com,2025-11-02 15:19:03
AndrewDavis.ad0648@yopmail.com,2025-11-02 15:20:01
JustinRodriguez.ad0649@yopmail.com,2025-11-02 15:20:59
KevinMartinez.ad0650@yopmail.com,2025-11-02 15:21:57
AnthonyHernandez.ad0651@yopmail.com,2025-11-02 15:22:56
RyanLopez.ad0652@yopmail.com,2025-11-02 15:23:54
TylerGonzalez.ad0653@yopmail.com,2025-11-02 15:24:51
EricWilson.ad0654@yopmail.com,2025-11-02 15:25:49
JasonAnderson.ad0655@yopmail.com,2025-11-02 15:26:48
BrandonThomas.ad0656@yopmail.com,2025-11-02 15:27:46
NathanTaylor.ad0657@yopmail.com,2025-11-02 15:28:44
DanielMoore.ad0658@yopmail.com,2025-11-02 15:29:41
JacobJackson.ad0659@yopmail.com,2025-11-02 15:30:39
JonathanMartin.ad0660@yopmail.com,2025-11-02 15:31:37
EmilyLee.ad0661@yopmail.com,2025-11-02 15:32:35
SarahPerez.ad0662@yopmail.com,2025-11-02 15:33:33
AshleyThompson.ad0663@yopmail.com,2025-11-02 15:34:31
JessicaWhite.ad0664@yopmail.com,2025-11-02 15:35:29
AmandaHarris.ad0665@yopmail.com,2025-11-02 15:36:27
JenniferSanchez.ad0666@yopmail.com,2025-11-02 15:37:25
LaurenClark.ad0667@yopmail.com,2025-11-02 15:38:23
BrittanyRamirez.ad0668@yopmail.com,2025-11-02 15:39:21
NicoleLewis.ad0669@yopmail.com,2025-11-02 15:40:19
TaylorRobinson.ad0670@yopmail.com,2025-11-02 15:41:18
HannahWalker.ad0671@yopmail.com,2025-11-02 15:42:16
RachelYoung.ad0672@yopmail.com,2025-11-02 15:43:15
MeganAllen.ad0673@yopmail.com,2025-11-02 15:44:13
SamanthaKing.ad0674@yopmail.com,2025-11-02 15:45:10
AlexisWright.ad0675@yopmail.com,2025-11-02 15:46:08
VictoriaScott.ad0676@yopmail.com,2025-11-02 15:47:07
AlyssaTorres.ad0677@yopmail.com,2025-11-02 15:48:05
KaylaNguyen.ad0678@yopmail.com,2025-11-02 15:49:03
ElizabethHill.ad0679@yopmail.com,2025-11-02 15:50:01
MadisonFlores.ad0680@yopmail.com,2025-11-02 15:50:59
JohnSmith.ad0681@yopmail.com,2025-11-02 15:51:57
MichaelJohnson.ad0682@yopmail.com,2025-11-02 15:52:55
DavidWilliams.ad0683@yopmail.com,2025-11-02 15:53:53
RobertJones.ad0685@yopmail.com,2025-11-02 15:56:50
WilliamGarcia.ad0686@yopmail.com,2025-11-02 15:57:48
MatthewMiller.ad0687@yopmail.com,2025-11-02 15:58:46
AndrewDavis.ad0688@yopmail.com,2025-11-02 15:59:44
JustinRodriguez.ad0689@yopmail.com,2025-11-02 16:00:41
KevinMartinez.ad0690@yopmail.com,2025-11-02 16:01:39
AnthonyHernandez.ad0691@yopmail.com,2025-11-02 16:02:37
RyanLopez.ad0692@yopmail.com,2025-11-02 16:03:35
TylerGonzalez.ad0693@yopmail.com,2025-11-02 16:04:32
EricWilson.ad0694@yopmail.com,2025-11-02 16:05:30
JasonAnderson.ad0695@yopmail.com,2025-11-02 16:06:28
BrandonThomas.ad0696@yopmail.com,2025-11-02 16:07:26
NathanTaylor.ad0697@yopmail.com,2025-11-02 16:08:24
DanielMoore.ad0698@yopmail.com,2025-11-02 16:09:22
JacobJackson.ad0699@yopmail.com,2025-11-02 16:10:19
JonathanMartin.ad0700@yopmail.com,2025-11-02 16:11:17
EmilyLee.ad0701@yopmail.com,2025-11-02 16:12:16
SarahPerez.ad0702@yopmail.com,2025-11-02 16:13:14
AshleyThompson.ad0703@yopmail.com,2025-11-02 16:14:12
JessicaWhite.ad0704@yopmail.com,2025-11-02 16:15:10
AmandaHarris.ad0705@yopmail.com,2025-11-02 16:16:08
JenniferSanchez.ad0706@yopmail.com,2025-11-02 16:17:06
LaurenClark.ad0707@yopmail.com,2025-11-02 16:18:05
BrittanyRamirez.ad0708@yopmail.com,2025-11-02 16:19:03
NicoleLewis.ad0709@yopmail.com,2025-11-02 16:20:01
TaylorRobinson.ad0710@yopmail.com,2025-11-02 16:20:59
HannahWalker.ad0711@yopmail.com,2025-11-02 16:21:57
RachelYoung.ad0712@yopmail.com,2025-11-02 16:22:55
MeganAllen.ad0713@yopmail.com,2025-11-02 16:23:52
SamanthaKing.ad0714@yopmail.com,2025-11-02 16:24:50
AlexisWright.ad0715@yopmail.com,2025-11-02 16:25:48
VictoriaScott.ad0716@yopmail.com,2025-11-02 16:26:46
AlyssaTorres.ad0717@yopmail.com,2025-11-02 16:27:44
KaylaNguyen.ad0718@yopmail.com,2025-11-02 16:28:42
ElizabethHill.ad0719@yopmail.com,2025-11-02 16:29:40
MadisonFlores.ad0720@yopmail.com,2025-11-02 16:30:38
JohnSmith.ad0721@yopmail.com,2025-11-02 16:31:36
MichaelJohnson.ad0722@yopmail.com,2025-11-02 16:32:34
DavidWilliams.ad0723@yopmail.com,2025-11-02 16:33:32
JamesBrown.ad0724@yopmail.com,2025-11-02 16:34:30
RobertJones.ad0725@yopmail.com,2025-11-02 16:35:28
WilliamGarcia.ad0726@yopmail.com,2025-11-02 16:36:26
MatthewMiller.ad0727@yopmail.com,2025-11-02 16:37:24
AndrewDavis.ad0728@yopmail.com,2025-11-02 16:38:22
JustinRodriguez.ad0729@yopmail.com,2025-11-02 16:39:20
KevinMartinez.ad0730@yopmail.com,2025-11-02 16:40:18
AnthonyHernandez.ad0731@yopmail.com,2025-11-02 16:41:16
RyanLopez.ad0732@yopmail.com,2025-11-02 16:42:14
TylerGonzalez.ad0733@yopmail.com,2025-11-02 16:43:12
EricWilson.ad0734@yopmail.com,2025-11-02 16:44:10
JasonAnderson.ad0735@yopmail.com,2025-11-02 16:45:08
BrandonThomas.ad0736@yopmail.com,2025-11-02 16:46:06
NathanTaylor.ad0737@yopmail.com,2025-11-02 16:47:04
DanielMoore.ad0738@yopmail.com,2025-11-02 16:48:03
JacobJackson.ad0739@yopmail.com,2025-11-02 16:49:01
JonathanMartin.ad0740@yopmail.com,2025-11-02 16:49:59
EmilyLee.ad0741@yopmail.com,2025-11-02 16:50:58
SarahPerez.ad0742@yopmail.com,2025-11-02 16:51:57
AshleyThompson.ad0743@yopmail.com,2025-11-02 16:52:54
JessicaWhite.ad0744@yopmail.com,2025-11-02 16:53:52
AmandaHarris.ad0745@yopmail.com,2025-11-02 16:54:50
JenniferSanchez.ad0746@yopmail.com,2025-11-02 16:55:48
LaurenClark.ad0747@yopmail.com,2025-11-02 16:56:46
BrittanyRamirez.ad0748@yopmail.com,2025-11-02 16:57:44
NicoleLewis.ad0749@yopmail.com,2025-11-02 16:58:42
TaylorRobinson.ad0750@yopmail.com,2025-11-02 16:59:40
HannahWalker.ad0751@yopmail.com,2025-11-02 17:00:38
RachelYoung.ad0752@yopmail.com,2025-11-02 17:01:36
MeganAllen.ad0753@yopmail.com,2025-11-02 17:02:34
SamanthaKing.ad0754@yopmail.com,2025-11-02 17:03:32
AlexisWright.ad0755@yopmail.com,2025-11-02 17:04:30
VictoriaScott.ad0756@yopmail.com,2025-11-02 17:05:28
AlyssaTorres.ad0757@yopmail.com,2025-11-02 17:06:26
KaylaNguyen.ad0758@yopmail.com,2025-11-02 17:07:24
ElizabethHill.ad0759@yopmail.com,2025-11-02 17:08:23
MadisonFlores.ad0760@yopmail.com,2025-11-02 17:09:21
JohnSmith.ad0761@yopmail.com,2025-11-02 17:10:19
MichaelJohnson.ad0762@yopmail.com,2025-11-02 17:11:17
DavidWilliams.ad0763@yopmail.com,2025-11-02 17:12:15
JamesBrown.ad0764@yopmail.com,2025-11-02 17:13:13
RobertJones.ad0765@yopmail.com,2025-11-02 17:14:11
WilliamGarcia.ad0766@yopmail.com,2025-11-02 17:15:09
MatthewMiller.ad0767@yopmail.com,2025-11-02 17:16:07
AndrewDavis.ad0768@yopmail.com,2025-11-02 17:17:05
JustinRodriguez.ad0769@yopmail.com,2025-11-02 17:18:03
KevinMartinez.ad0770@yopmail.com,2025-11-02 17:19:01
AnthonyHernandez.ad0771@yopmail.com,2025-11-02 17:20:00
RyanLopez.ad0772@yopmail.com,2025-11-02 17:20:58
TylerGonzalez.ad0773@yopmail.com,2025-11-02 17:21:56
EricWilson.ad0774@yopmail.com,2025-11-02 17:22:54
JasonAnderson.ad0775@yopmail.com,2025-11-02 17:23:52
BrandonThomas.ad0776@yopmail.com,2025-11-02 17:24:50
NathanTaylor.ad0777@yopmail.com,2025-11-02 17:25:48
DanielMoore.ad0778@yopmail.com,2025-11-02 17:26:46
JacobJackson.ad0779@yopmail.com,2025-11-02 17:27:44
JonathanMartin.ad0780@yopmail.com,2025-11-02 17:28:43
EmilyLee.ad0781@yopmail.com,2025-11-02 17:29:41
SarahPerez.ad0782@yopmail.com,2025-11-02 17:30:39
AshleyThompson.ad0783@yopmail.com,2025-11-02 17:31:37
JessicaWhite.ad0784@yopmail.com,2025-11-02 17:32:34
AmandaHarris.ad0785@yopmail.com,2025-11-02 17:33:33
JenniferSanchez.ad0786@yopmail.com,2025-11-02 17:34:31
LaurenClark.ad0787@yopmail.com,2025-11-02 17:35:29
BrittanyRamirez.ad0788@yopmail.com,2025-11-02 17:36:27
NicoleLewis.ad0789@yopmail.com,2025-11-02 17:37:24
TaylorRobinson.ad0790@yopmail.com,2025-11-02 17:38:22
HannahWalker.ad0791@yopmail.com,2025-11-02 17:39:20
RachelYoung.ad0792@yopmail.com,2025-11-02 17:40:18
MeganAllen.ad0793@yopmail.com,2025-11-02 17:41:16
SamanthaKing.ad0794@yopmail.com,2025-11-02 17:42:14
AlexisWright.ad0795@yopmail.com,2025-11-02 17:43:13
VictoriaScott.ad0796@yopmail.com,2025-11-02 17:44:11
AlyssaTorres.ad0797@yopmail.com,2025-11-02 17:45:09
KaylaNguyen.ad0798@yopmail.com,2025-11-02 17:46:07
ElizabethHill.ad0799@yopmail.com,2025-11-02 17:47:05
MadisonFlores.ad0800@yopmail.com,2025-11-02 17:48:03
JohnSmith.ad0801@yopmail.com,2025-11-02 17:49:01
MichaelJohnson.ad0802@yopmail.com,2025-11-02 17:49:59
DavidWilliams.ad0803@yopmail.com,2025-11-02 17:50:57
JamesBrown.ad0804@yopmail.com,2025-11-02 17:51:55
RobertJones.ad0805@yopmail.com,2025-11-02 17:52:53
WilliamGarcia.ad0806@yopmail.com,2025-11-02 17:53:51
MatthewMiller.ad0807@yopmail.com,2025-11-02 17:54:49
AndrewDavis.ad0808@yopmail.com,2025-11-02 17:55:48
JustinRodriguez.ad0809@yopmail.com,2025-11-02 17:56:45
KevinMartinez.ad0810@yopmail.com,2025-11-02 17:57:43
AnthonyHernandez.ad0811@yopmail.com,2025-11-02 17:58:41
RyanLopez.ad0812@yopmail.com,2025-11-02 17:59:39
TylerGonzalez.ad0813@yopmail.com,2025-11-02 18:00:37
EricWilson.ad0814@yopmail.com,2025-11-02 18:01:35
JasonAnderson.ad0815@yopmail.com,2025-11-02 18:02:33
BrandonThomas.ad0816@yopmail.com,2025-11-02 18:03:31
NathanTaylor.ad0817@yopmail.com,2025-11-02 18:04:29
DanielMoore.ad0818@yopmail.com,2025-11-02 18:05:26
JacobJackson.ad0819@yopmail.com,2025-11-02 18:06:24
JonathanMartin.ad0820@yopmail.com,2025-11-02 18:07:23
EmilyLee.ad0821@yopmail.com,2025-11-02 18:08:21
SarahPerez.ad0822@yopmail.com,2025-11-02 18:09:18
AshleyThompson.ad0823@yopmail.com,2025-11-02 18:10:16
JessicaWhite.ad0824@yopmail.com,2025-11-02 18:11:14
AmandaHarris.ad0825@yopmail.com,2025-11-02 18:12:12
JenniferSanchez.ad0826@yopmail.com,2025-11-02 18:13:11
LaurenClark.ad0827@yopmail.com,2025-11-02 18:14:08
BrittanyRamirez.ad0828@yopmail.com,2025-11-02 18:15:06
NicoleLewis.ad0829@yopmail.com,2025-11-02 18:16:04
TaylorRobinson.ad0830@yopmail.com,2025-11-02 18:17:02
HannahWalker.ad0831@yopmail.com,2025-11-02 18:18:01
RachelYoung.ad0832@yopmail.com,2025-11-02 18:18:59
MeganAllen.ad0833@yopmail.com,2025-11-02 18:19:57
SamanthaKing.ad0834@yopmail.com,2025-11-02 18:20:55
AlexisWright.ad0835@yopmail.com,2025-11-02 18:21:53
VictoriaScott.ad0836@yopmail.com,2025-11-02 18:22:51
AlyssaTorres.ad0837@yopmail.com,2025-11-02 18:23:49
KaylaNguyen.ad0838@yopmail.com,2025-11-02 18:24:47
ElizabethHill.ad0839@yopmail.com,2025-11-02 18:25:45
MadisonFlores.ad0840@yopmail.com,2025-11-02 18:26:43
JohnSmith.ad0841@yopmail.com,2025-11-02 18:27:40
MichaelJohnson.ad0842@yopmail.com,2025-11-02 18:28:38
DavidWilliams.ad0843@yopmail.com,2025-11-02 18:29:36
JamesBrown.ad0844@yopmail.com,2025-11-02 18:30:35
RobertJones.ad0845@yopmail.com,2025-11-02 18:31:33
WilliamGarcia.ad0846@yopmail.com,2025-11-02 18:32:31
MatthewMiller.ad0847@yopmail.com,2025-11-02 18:33:28
AndrewDavis.ad0848@yopmail.com,2025-11-02 18:34:26
JustinRodriguez.ad0849@yopmail.com,2025-11-02 18:35:24
KevinMartinez.ad0850@yopmail.com,2025-11-02 18:36:23
AnthonyHernandez.ad0851@yopmail.com,2025-11-02 18:37:21
RyanLopez.ad0852@yopmail.com,2025-11-02 18:38:19
TylerGonzalez.ad0853@yopmail.com,2025-11-02 18:39:17
EricWilson.ad0854@yopmail.com,2025-11-02 18:40:15
JasonAnderson.ad0855@yopmail.com,2025-11-02 18:41:13
BrandonThomas.ad0856@yopmail.com,2025-11-02 18:42:11
NathanTaylor.ad0857@yopmail.com,2025-11-02 18:43:09
DanielMoore.ad0858@yopmail.com,2025-11-02 18:44:07
JacobJackson.ad0859@yopmail.com,2025-11-02 18:45:05
JonathanMartin.ad0860@yopmail.com,2025-11-02 18:46:03
EmilyLee.ad0861@yopmail.com,2025-11-02 18:47:01
SarahPerez.ad0862@yopmail.com,2025-11-02 18:47:59
AshleyThompson.ad0863@yopmail.com,2025-11-02 18:48:57
JessicaWhite.ad0864@yopmail.com,2025-11-02 18:49:55
AmandaHarris.ad0865@yopmail.com,2025-11-02 18:50:53
JenniferSanchez.ad0866@yopmail.com,2025-11-02 18:51:51
LaurenClark.ad0867@yopmail.com,2025-11-02 18:52:49
BrittanyRamirez.ad0868@yopmail.com,2025-11-02 18:53:47
NicoleLewis.ad0869@yopmail.com,2025-11-02 18:54:45
TaylorRobinson.ad0870@yopmail.com,2025-11-02 18:55:43
HannahWalker.ad0871@yopmail.com,2025-11-02 18:56:41
RachelYoung.ad0872@yopmail.com,2025-11-02 18:57:39
MeganAllen.ad0873@yopmail.com,2025-11-02 18:58:37
SamanthaKing.ad0874@yopmail.com,2025-11-02 18:59:34
AlexisWright.ad0875@yopmail.com,2025-11-02 19:00:33
VictoriaScott.ad0876@yopmail.com,2025-11-02 19:01:31
AlyssaTorres.ad0877@yopmail.com,2025-11-02 19:02:28
KaylaNguyen.ad0878@yopmail.com,2025-11-02 19:03:26
ElizabethHill.ad0879@yopmail.com,2025-11-02 19:04:24
MadisonFlores.ad0880@yopmail.com,2025-11-02 19:05:22
JohnSmith.ad0881@yopmail.com,2025-11-02 19:06:20
MichaelJohnson.ad0882@yopmail.com,2025-11-02 19:07:18
DavidWilliams.ad0883@yopmail.com,2025-11-02 19:08:17
JamesBrown.ad0884@yopmail.com,2025-11-02 19:09:15
RobertJones.ad0885@yopmail.com,2025-11-02 19:10:13
WilliamGarcia.ad0886@yopmail.com,2025-11-02 19:11:11
MatthewMiller.ad0887@yopmail.com,2025-11-02 19:12:09
AndrewDavis.ad0888@yopmail.com,2025-11-02 19:13:07
JustinRodriguez.ad0889@yopmail.com,2025-11-02 19:14:05
KevinMartinez.ad0890@yopmail.com,2025-11-02 19:15:03
AnthonyHernandez.ad0891@yopmail.com,2025-11-02 19:16:01
RyanLopez.ad0892@yopmail.com,2025-11-02 19:16:59
TylerGonzalez.ad0893@yopmail.com,2025-11-02 19:17:57
EricWilson.ad0894@yopmail.com,2025-11-02 19:18:55
JasonAnderson.ad0895@yopmail.com,2025-11-02 19:19:53
BrandonThomas.ad0896@yopmail.com,2025-11-02 19:20:52
DanielMoore.ad0898@yopmail.com,2025-11-02 19:23:48
JacobJackson.ad0899@yopmail.com,2025-11-02 19:24:46
JonathanMartin.ad0900@yopmail.com,2025-11-02 19:25:44
EmilyLee.ad0901@yopmail.com,2025-11-02 19:26:42
SarahPerez.ad0902@yopmail.com,2025-11-02 19:27:40
AshleyThompson.ad0903@yopmail.com,2025-11-02 19:28:38
JessicaWhite.ad0904@yopmail.com,2025-11-02 19:29:35
AmandaHarris.ad0905@yopmail.com,2025-11-02 19:30:34
JenniferSanchez.ad0906@yopmail.com,2025-11-02 19:31:32
LaurenClark.ad0907@yopmail.com,2025-11-02 19:32:30
BrittanyRamirez.ad0908@yopmail.com,2025-11-02 19:33:28
NicoleLewis.ad0909@yopmail.com,2025-11-02 19:34:26
TaylorRobinson.ad0910@yopmail.com,2025-11-02 19:35:24
HannahWalker.ad0911@yopmail.com,2025-11-02 19:36:22
RachelYoung.ad0912@yopmail.com,2025-11-02 19:37:20
MeganAllen.ad0913@yopmail.com,2025-11-02 19:38:18
SamanthaKing.ad0914@yopmail.com,2025-11-02 19:39:16
AlexisWright.ad0915@yopmail.com,2025-11-02 19:40:14
VictoriaScott.ad0916@yopmail.com,2025-11-02 19:41:11
AlyssaTorres.ad0917@yopmail.com,2025-11-02 19:42:09
KaylaNguyen.ad0918@yopmail.com,2025-11-02 19:43:08
ElizabethHill.ad0919@yopmail.com,2025-11-02 19:44:05
MadisonFlores.ad0920@yopmail.com,2025-11-02 19:45:03
JohnSmith.ad0921@yopmail.com,2025-11-02 19:46:01
MichaelJohnson.ad0922@yopmail.com,2025-11-02 19:46:59
DavidWilliams.ad0923@yopmail.com,2025-11-02 19:47:58
JamesBrown.ad0924@yopmail.com,2025-11-02 19:48:56
RobertJones.ad0925@yopmail.com,2025-11-02 19:49:54
WilliamGarcia.ad0926@yopmail.com,2025-11-02 19:50:52
MatthewMiller.ad0927@yopmail.com,2025-11-02 19:51:50
AndrewDavis.ad0928@yopmail.com,2025-11-02 19:52:48
JustinRodriguez.ad0929@yopmail.com,2025-11-02 19:53:46
KevinMartinez.ad0930@yopmail.com,2025-11-02 19:54:44
AnthonyHernandez.ad0931@yopmail.com,2025-11-02 19:55:42
RyanLopez.ad0932@yopmail.com,2025-11-02 19:56:40
TylerGonzalez.ad0933@yopmail.com,2025-11-02 19:57:38
EricWilson.ad0934@yopmail.com,2025-11-02 19:58:36
JasonAnderson.ad0935@yopmail.com,2025-11-02 19:59:34
BrandonThomas.ad0936@yopmail.com,2025-11-02 20:00:33
NathanTaylor.ad0937@yopmail.com,2025-11-02 20:01:31
DanielMoore.ad0938@yopmail.com,2025-11-02 20:02:29
JacobJackson.ad0939@yopmail.com,2025-11-02 20:03:27
JonathanMartin.ad0940@yopmail.com,2025-11-02 20:04:25
EmilyLee.ad0941@yopmail.com,2025-11-02 20:05:23
SarahPerez.ad0942@yopmail.com,2025-11-02 20:06:21
AshleyThompson.ad0943@yopmail.com,2025-11-02 20:07:19
JessicaWhite.ad0944@yopmail.com,2025-11-02 20:08:17
AmandaHarris.ad0945@yopmail.com,2025-11-02 20:09:15
JenniferSanchez.ad0946@yopmail.com,2025-11-02 20:10:13
LaurenClark.ad0947@yopmail.com,2025-11-02 20:11:11
BrittanyRamirez.ad0948@yopmail.com,2025-11-02 20:12:09
NicoleLewis.ad0949@yopmail.com,2025-11-02 20:13:08
TaylorRobinson.ad0950@yopmail.com,2025-11-02 20:14:06
HannahWalker.ad0951@yopmail.com,2025-11-02 20:15:04
RachelYoung.ad0952@yopmail.com,2025-11-02 20:16:02
MeganAllen.ad0953@yopmail.com,2025-11-02 20:17:00
SamanthaKing.ad0954@yopmail.com,2025-11-02 20:17:58
AlexisWright.ad0955@yopmail.com,2025-11-02 20:18:56
VictoriaScott.ad0956@yopmail.com,2025-11-02 20:19:54
AlyssaTorres.ad0957@yopmail.com,2025-11-02 20:20:52
KaylaNguyen.ad0958@yopmail.com,2025-11-02 20:21:50
ElizabethHill.ad0959@yopmail.com,2025-11-02 20:22:48
MadisonFlores.ad0960@yopmail.com,2025-11-02 20:23:46
JohnSmith.ad0961@yopmail.com,2025-11-02 20:24:44
MichaelJohnson.ad0962@yopmail.com,2025-11-02 20:25:42
DavidWilliams.ad0963@yopmail.com,2025-11-02 20:26:40
JamesBrown.ad0964@yopmail.com,2025-11-02 20:27:38
RobertJones.ad0965@yopmail.com,2025-11-02 20:28:36
WilliamGarcia.ad0966@yopmail.com,2025-11-02 20:29:36
MatthewMiller.ad0967@yopmail.com,2025-11-02 20:30:34
AndrewDavis.ad0968@yopmail.com,2025-11-02 20:31:32
JustinRodriguez.ad0969@yopmail.com,2025-11-02 20:32:30
KevinMartinez.ad0970@yopmail.com,2025-11-02 20:33:28
AnthonyHernandez.ad0971@yopmail.com,2025-11-02 20:34:27
RyanLopez.ad0972@yopmail.com,2025-11-02 20:35:25
TylerGonzalez.ad0973@yopmail.com,2025-11-02 20:36:24
EricWilson.ad0974@yopmail.com,2025-11-02 20:37:22
JasonAnderson.ad0975@yopmail.com,2025-11-02 20:38:21
BrandonThomas.ad0976@yopmail.com,2025-11-02 20:39:19
NathanTaylor.ad0977@yopmail.com,2025-11-02 20:40:17
DanielMoore.ad0978@yopmail.com,2025-11-02 20:41:15
JacobJackson.ad0979@yopmail.com,2025-11-02 20:42:14
JonathanMartin.ad0980@yopmail.com,2025-11-02 20:43:12
EmilyLee.ad0981@yopmail.com,2025-11-02 20:44:10
SarahPerez.ad0982@yopmail.com,2025-11-02 20:45:08
AshleyThompson.ad0983@yopmail.com,2025-11-02 20:46:06
JessicaWhite.ad0984@yopmail.com,2025-11-02 20:47:05
AmandaHarris.ad0985@yopmail.com,2025-11-02 20:48:03
JenniferSanchez.ad0986@yopmail.com,2025-11-02 20:49:02
LaurenClark.ad0987@yopmail.com,2025-11-02 20:50:01
BrittanyRamirez.ad0988@yopmail.com,2025-11-02 20:50:59
NicoleLewis.ad0989@yopmail.com,2025-11-02 20:51:58
TaylorRobinson.ad0990@yopmail.com,2025-11-02 20:52:56
HannahWalker.ad0991@yopmail.com,2025-11-02 20:53:54
RachelYoung.ad0992@yopmail.com,2025-11-02 20:54:54
MeganAllen.ad0993@yopmail.com,2025-11-02 20:55:53
SamanthaKing.ad0994@yopmail.com,2025-11-02 20:56:51
AlexisWright.ad0995@yopmail.com,2025-11-02 20:57:50
VictoriaScott.ad0996@yopmail.com,2025-11-02 20:58:49
AlyssaTorres.ad0997@yopmail.com,2025-11-02 20:59:48
KaylaNguyen.ad0998@yopmail.com,2025-12-02 20:32:10
